dataset,valuation,origin,age,fit_rows,actual,chain_ladder,no_development,process_variance,parameter_variance,training_array_sha256,scope,method,q025,q10,median,q90,q95,q975,q995,cover80,cover95,upper95_exceeded,width80_scaled,width95_scaled,score80_scaled,score95_scaled
raa,1986,1983,4,2,18735,19624.772417782919,16141,1908296.450123382,1370736.1933799789,13c99d04dd86a56e26fb55d4868ac1a2c854b69095390e487139f5ce010bd6db,cell,mack_normal,16075.650149991914,17304.12610260885,19624.772417782919,21945.418732956987,22603.289717446576,23173.894685573923,24289.109727735755,True,True,False,0.28754678336832518,0.43976485568316764,0.28754678336832518,0.43976485568316764
raa,1986,1983,4,2,18735,19624.772417782919,16141,1908296.450123382,1370736.1933799789,13c99d04dd86a56e26fb55d4868ac1a2c854b69095390e487139f5ce010bd6db,cell,mack_lognormal,16315.045880771535,17366.678451887226,19541.758927612122,21989.25620940539,22737.27006526653,23406.636106060952,24772.299602743991,True,True,False,0.28638732157351859,0.43935259434294144,0.28638732157351859,0.43935259434294144
raa,1986,1984,3,3,21266,20173.541622481443,15766,25488015.391774833,13316677.182751922,13c99d04dd86a56e26fb55d4868ac1a2c854b69095390e487139f5ce010bd6db,cell,mack_normal,7964.2570990239074,12190.319574200636,20173.541622481443,28156.763670762251,30419.896192922373,32382.826145938976,36219.26139027001,True,True,False,1.0127136938070287,1.5488119400555036,1.0127136938070287,1.5488119400555036
raa,1986,1984,3,3,21266,20173.541622481443,15766,25488015.391774833,13316677.182751922,13c99d04dd86a56e26fb55d4868ac1a2c854b69095390e487139f5ce010bd6db,cell,mack_lognormal,10669.066352183274,13093.066480292688,19275.503222847146,28377.235008561955,31665.447996413033,34824.511557935839,41937.483116434516,True,True,False,0.96943857213429319,1.5321226186573997,0.96943857213429319,1.5321226186573997
raa,1986,1985,2,4,15836,13275.587746593759,9565,1059426.7352880081,306136.27150327177,13c99d04dd86a56e26fb55d4868ac1a2c854b69095390e487139f5ce010bd6db,cell,mack_normal,10985.226627108023,11778.001106486065,13275.587746593759,14773.174386701454,15197.719389894757,15565.948866079496,16285.63248915819,False,False,True,0.31313886881499103,0.47890457281458165,1.4242999909253373,1.6082349812641543
raa,1986,1985,2,4,15836,13275.587746593759,9565,1059426.7352880081,306136.27150327177,13c99d04dd86a56e26fb55d4868ac1a2c854b69095390e487139f5ce010bd6db,cell,mack_lognormal,11132.582457496801,11816.273447612421,13224.453349647267,14800.450173428753,15280.466070334644,15709.397802773658,16582.793190024669,False,False,True,0.31198920290813725,0.47849611555429761,1.3946340817071405,1.0079355184872509
raa,1986,1986,1,5,6445,4226.098723404255,1513,75192596.501050889,7447882.0625918172,13c99d04dd86a56e26fb55d4868ac1a2c854b69095390e487139f5ce010bd6db,cell,mack_normal,-13591.308364179764,-7424.0775691959388,4226.098723404255,15876.275016004449,19178.938113338721,22043.50581098827,27642.140881050782,True,True,False,15.400100849438459,23.55242179455918,15.400100849438459,23.55242179455918
raa,1986,1986,1,5,6445,4226.098723404255,1513,75192596.501050889,7447882.0625918172,13c99d04dd86a56e26fb55d4868ac1a2c854b69095390e487139f5ce010bd6db,cell,mack_lognormal,135.51596060616453,330.55837472943108,1781.5392908895496,9601.5786850995119,15478.402040730021,23420.726464885953,52620.425843377292,True,True,False,6.1275745607204763,15.390092864692523,6.1275745607204763,15.390092864692523
raa,1986,-1,-1,4,62282,57300.000510262376,42985,,,13c99d04dd86a56e26fb55d4868ac1a2c854b69095390e487139f5ce010bd6db,eligible_diagonal,mack_normal,35291.623768012374,42909.496454268352,57300.000510262376,71690.504566256393,75770.012507089734,79308.377252512379,86223.910430747506,True,True,False,0.66955933725690453,1.0240026400953821,0.66955933725690453,1.0240026400953821
raa,1986,-1,-1,4,62282,57300.000510262376,42985,,,13c99d04dd86a56e26fb55d4868ac1a2c854b69095390e487139f5ce010bd6db,eligible_diagonal,mack_lognormal,38435.476568725542,43845.739098856022,56230.449886264782,72113.358319331688,77382.853444462977,82264.193830355769,92711.326168783664,True,True,False,0.65761589439282697,1.0196281787049024,0.65761589439282697,1.0196281787049024
raa,1987,1983,5,2,22214,21792.697924673328,18735,512721.69120753504,351591.84820369561,8ff82ee15ab145667b9b0ad8f38f637be86fb497a0e663d051b45e1182646b78,cell,mack_normal,19970.549503216767,20601.259112229909,21792.697924673328,22984.136737116747,23321.893085154847,23614.846346129889,24187.406876687368,True,True,False,0.12718855750663666,0.19451811277892295,0.12718855750663666,0.19451811277892295
raa,1987,1983,5,2,22214,21792.697924673328,18735,512721.69120753504,351591.84820369561,8ff82ee15ab145667b9b0ad8f38f637be86fb497a0e663d051b45e1182646b78,cell,mack_lognormal,20027.193741156236,20615.005026006547,21772.894603379998,22995.819734792793,23354.834461915991,23670.762141562271,24300.616603520604,True,True,False,0.12707844722638084,0.19447923140678061,0.12707844722638084,0.19447923140678061
raa,1987,1984,4,3,23425,25365.868020304566,21266,1560621.2647220399,859529.98590020987,8ff82ee15ab145667b9b0ad8f38f637be86fb497a0e663d051b45e1182646b78,cell,mack_normal,22316.784326944089,23372.179354836757,25365.868020304566,27359.556685772375,27924.739719714649,28414.951713665043,29373.043248156577,True,True,False,0.18750010960855912,0.2867566719985401,0.18750010960855912,0.2867566719985401
raa,1987,1984,4,3,23425,25365.868020304566,21266,1560621.2647220399,859529.98590020987,8ff82ee15ab145667b9b0ad8f38f637be86fb497a0e663d051b45e1182646b78,cell,mack_lognormal,22453.263192223872,23406.267029046816,25318.297298256992,27386.519058653659,28002.988020362598,28548.909465637375,29646.799820041004,True,True,False,0.18716505358820856,0.28663812063451061,0.18716505358820856,0.28663812063451061
raa,1987,1985,3,4,22169,20639.676287492926,15836,17329914.369343329,5973543.2491602656,8ff82ee15ab145667b9b0ad8f38f637be86fb497a0e663d051b45e1182646b78,cell,mack_normal,11178.213777855615,14453.158480425824,20639.676287492926,26826.194094560029,28579.985929914452,30101.138797130236,33074.145787437483,True,True,False,0.7813232896018063,1.1949308549680866,0.7813232896018063,1.1949308549680866
raa,1987,1985,3,4,22169,20639.676287492926,15836,17329914.369343329,5973543.2491602656,8ff82ee15ab145667b9b0ad8f38f637be86fb497a0e663d051b45e1182646b78,cell,mack_lognormal,12784.890492682303,14951.750414631984,20097.299343386439,27013.655906295604,29376.220820979488,31592.092331871158,36417.03034687254,True,True,False,0.76167627504822044,1.1876232532955833,0.76167627504822044,1.1876232532955833
raa,1987,1986,2,5,11702,9332.0022969108886,6445,1392145.4240500748,210293.37781846747,8ff82ee15ab145667b9b0ad8f38f637be86fb497a0e663d051b45e1182646b78,cell,mack_normal,6850.9334405386107,7709.7185701749586,9332.0022969108886,10954.286023646819,11414.180918207325,11813.071153283165,12592.679490357381,False,True,True,0.50342396485211172,0.76992051400225814,1.6635697776576686,0.76992051400225814
raa,1987,1986,2,5,11702,9332.0022969108886,6445,1392145.4240500748,210293.37781846747,8ff82ee15ab145667b9b0ad8f38f637be86fb497a0e663d051b45e1182646b78,cell,mack_lognormal,7097.0356981039404,7777.8802634613921,9247.3121032839445,10994.355562049494,11547.154249495392,12049.084261811946,13093.939919921291,False,True,True,0.49906521312460844,0.76835509134336777,1.5970395156079391,0.76835509134336777
raa,1987,1987,1,6,4020,1629.4273886109124,557,22475129.050352853,745690.18829202629,8ff82ee15ab145667b9b0ad8f38f637be86fb497a0e663d051b45e1182646b78,cell,mack_normal,-7815.2441720118413,-4546.1114070221438,1629.4273886109124,7804.9661842439682,9555.6456224124831,11074.098949233665,14041.829840973345,True,True,False,22.174286519328746,33.912644741912942,22.174286519328746,33.912644741912942
raa,1987,1987,1,6,4020,1629.4273886109124,557,22475129.050352853,745690.18829202629,8ff82ee15ab145667b9b0ad8f38f637be86fb497a0e663d051b45e1182646b78,cell,mack_lognormal,27.115891985982607,75.474363320988147,521.94253141152819,3609.4906152128842,6244.8805103845052,10046.65478963782,25445.373527668507,False,True,False,6.344732947741285,17.98840017531748,13.714739855948032,17.98840017531748
raa,1987,-1,-1,5,83530,78759.671917992615,62839,,,8ff82ee15ab145667b9b0ad8f38f637be86fb497a0e663d051b45e1182646b78,eligible_diagonal,mack_normal,64706.418464848655,69570.743393829907,78759.671917992615,87948.600442155323,90553.533996686208,92812.925371136575,97228.777646638307,True,True,False,0.29245941291754191,0.44727807422600485,0.29245941291754191,0.44727807422600485
raa,1987,-1,-1,5,83530,78759.671917992615,62839,,,8ff82ee15ab145667b9b0ad8f38f637be86fb497a0e663d051b45e1182646b78,eligible_diagonal,mack_lognormal,65641.632053280468,69814.683351644984,78435.3066777044,88120.392992953144,91077.447548716926,93722.491979357874,99115.910494986689,True,True,False,0.29131128186807809,0.44686993628284039,0.29131128186807809,0.44686993628284039
raa,1988,1983,6,2,22863,23419.763058527376,22214,2522642.5017446522,1763309.6454926278,c4d55491f4555a08cb34590426210d3ab9127b6bec265664266a21bfafe0521d,cell,mack_normal,19362.139532240399,20766.625641962051,23419.763058527376,26072.900475092702,26825.028066793842,27477.386584814354,28752.384302704035,True,True,False,0.23887074966825653,0.36532128624173743,0.23887074966825653,0.36532128624173743
raa,1988,1983,6,2,22863,23419.763058527376,22214,2522642.5017446522,1763309.6454926278,c4d55491f4555a08cb34590426210d3ab9127b6bec265664266a21bfafe0521d,cell,mack_lognormal,19624.30793298237,20834.754096177934,23328.792960893374,26121.382498681178,26972.203588414264,27732.574461774635,29281.118629186134,True,True,False,0.23798633305587663,0.36500704640282094,0.23798633305587663,0.36500704640282094
raa,1988,1984,5,3,26083,27462.42509119333,23425,386361.97469923913,196511.40475355383,c4d55491f4555a08cb34590426210d3ab9127b6bec265664266a21bfafe0521d,cell,mack_normal,25966.068153545522,26484.009879902551,27462.42509119333,28440.84030248411,28718.207419602586,28958.782028841139,29428.971455802384,False,True,False,0.083535983888220242,0.12775726255264103,0.25472483336636365,0.12775726255264103
raa,1988,1984,5,3,26083,27462.42509119333,23425,386361.97469923913,196511.40475355383,c4d55491f4555a08cb34590426210d3ab9127b6bec265664266a21bfafe0521d,cell,mack_lognormal,25996.333983420398,26491.181370458944,27451.819040585429,28447.291877945911,28736.005791546584,28988.793924469173,29489.292262952174,False,True,False,0.083505251120041257,0.12774642224327751,0.25775556935224786,0.12774642224327751
raa,1988,1985,4,4,25955,25724.377718026652,22169,1928677.1553292442,714065.9984717929,c4d55491f4555a08cb34590426210d3ab9127b6bec265664266a21bfafe0521d,cell,mack_normal,22538.159113003134,23641.021353499651,25724.377718026652,27807.734082553652,28398.336663227918,28910.596323050169,29911.778769816003,True,True,False,0.18795221837042722,0.28744811268198994,0.18795221837042722,0.28744811268198994
raa,1988,1985,4,4,25955,25724.377718026652,22169,1928677.1553292442,714065.9984717929,c4d55491f4555a08cb34590426210d3ab9127b6bec265664266a21bfafe0521d,cell,mack_lognormal,22685.132865114298,23677.833612335162,25673.164548206565,27836.642013394372,28482.481261240297,29054.772649486509,30206.694904452605,True,True,False,0.18759566967653976,0.2873219263102626,0.18759566967653976,0.2873219263102626
raa,1988,1986,3,5,12935,15541.357667778175,11702,9925759.0496806279,1880139.085100889,c4d55491f4555a08cb34590426210d3ab9127b6bec265664266a21bfafe0521d,cell,mack_normal,8806.9778502988556,11137.983388384007,15541.357667778175,19944.731947172342,21193.027369580941,22275.737485257494,24391.832988712333,True,True,False,0.75258490504087627,1.1509792885796135,0.75258490504087627,1.1509792885796135
raa,1988,1986,3,5,12935,15541.357667778175,11702,9925759.0496806279,1880139.085100889,c4d55491f4555a08cb34590426210d3ab9127b6bec265664266a21bfafe0521d,cell,mack_lognormal,9889.5947715958118,11469.422798027848,15174.915728879374,20077.563747862416,21735.948366062097,23284.884031849197,26638.091724282483,True,True,False,0.7356127969436479,1.1447008426126632,0.7356127969436479,1.1447008426126632
raa,1988,1987,2,6,10946,6014.7339699863578,4020,1303409.0914618745,106691.05796413707,c4d55491f4555a08cb34590426210d3ab9127b6bec265664266a21bfafe0521d,cell,mack_normal,3687.3230356916297,4492.9217581099338,6014.7339699863578,7536.5461818627819,7967.9587980331726,8342.1449042810855,9073.4704229234449,False,False,True,0.75712050342110648,1.1579158877088198,9.2383489067475217,27.066921815260208
raa,1988,1987,2,6,10946,6014.7339699863578,4020,1303409.0914618745,106691.05796413707,c4d55491f4555a08cb34590426210d3ab9127b6bec265664266a21bfafe0521d,cell,mack_lognormal,4022.2236889944434,4592.8197519538562,5900.8325858449107,7581.3611434144004,8139.5441107128554,8656.8594634462243,9764.7657282624714,False,False,True,0.74341825658222493,1.152894471256662,9.1131666560488913,23.930412247911146
raa,1988,1988,1,7,6947,4138.3673104641102,1351,47663765.940950669,3712525.0957754031,c4d55491f4555a08cb34590426210d3ab9127b6bec265664266a21bfafe0521d,cell,mack_normal,-9910.1168204868154,-5047.4427215368623,4138.3673104641102,13324.177342465082,15928.226847800212,18186.851441415034,22601.205087269991,True,True,False,13.598534466322683,20.79716377638923,13.598534466322683,20.79716377638923
raa,1988,1988,1,7,6947,4138.3673104641102,1351,47663765.940950669,3712525.0957754031,c4d55491f4555a08cb34590426210d3ab9127b6bec265664266a21bfafe0521d,cell,mack_lognormal,205.8744132554491,457.61475005682792,2069.2132712947027,9356.4369626862281,14350.94255821174,20797.356477657369,42946.038057555859,True,True,False,6.5868410160099184,15.241659559142798,6.5868410160099184,15.241659559142798
raa,1988,-1,-1,6,105729,102301.02481597599,84881,,,c4d55491f4555a08cb34590426210d3ab9127b6bec265664266a21bfafe0521d,eligible_diagonal,mack_normal,85658.188479412158,91418.85905657243,102301.02481597599,113183.19057537956,116268.13335821836,118943.86115253983,124173.41934364874,True,True,False,0.25640993295092102,0.39214515230885205,0.25640993295092102,0.39214515230885205
raa,1988,-1,-1,6,105729,102301.02481597599,84881,,,c4d55491f4555a08cb34590426210d3ab9127b6bec265664266a21bfafe0521d,eligible_diagonal,mack_lognormal,86667.66794800412,91679.173788147091,101950.42517389699,113372.41342463058,116837.24379501324,119928.10513113305,126207.07765674735,True,True,False,0.25557238529804649,0.39184784796513861,0.25557238529804649,0.39184784796513861
raa,1989,1983,7,2,23466,23730.981972839876,22863,19693.585176364042,13438.425246596364,9993bf3e8affec3c6fcea28ed4ae0a7dcb8981de1a79513ad27dd44a420e6612,cell,mack_normal,23374.225398006824,23497.711386950556,23730.981972839876,23964.252558729197,24030.381528485606,24087.738547672929,24199.839588049759,False,True,False,0.020405947241334953,0.031208203195823171,0.034276124799203826,0.031208203195823171
raa,1989,1983,7,2,23466,23730.981972839876,22863,19693.585176364042,13438.425246596364,9993bf3e8affec3c6fcea28ed4ae0a7dcb8981de1a79513ad27dd44a420e6612,cell,mack_lognormal,23376.211176633511,23498.166321075274,23730.283928641657,23964.694420810447,24031.566802567835,24089.719718858494,24203.782891680406,False,True,False,0.020405375485945541,0.031208001671914582,0.034474535734064345,0.031208001671914582
raa,1989,1984,6,3,27067,27229.813386672595,26083,1588119.7963449943,767176.51309527887,9993bf3e8affec3c6fcea28ed4ae0a7dcb8981de1a79513ad27dd44a420e6612,cell,mack_normal,24221.861627875976,25263.019447613016,27229.813386672595,29196.607325732173,29754.16607844552,30237.76514546921,31182.932089406309,True,True,False,0.1508104082398174,0.23064461594115834,0.1508104082398174,0.23064461594115834
raa,1989,1984,6,3,27067,27229.813386672595,26083,1588119.7963449943,767176.51309527887,9993bf3e8affec3c6fcea28ed4ae0a7dcb8981de1a79513ad27dd44a420e6612,cell,mack_lognormal,24345.545226537703,25293.679036276855,27186.66766630796,29221.328290685462,29825.349039671313,30359.348781090648,31430.781759575879,True,True,False,0.15058272646584392,0.23056410514714357,0.15058272646584392,0.23056410514714357
raa,1989,1985,5,4,26180,29913.19259941567,25955,751233.59771866584,280627.3373841478,9993bf3e8affec3c6fcea28ed4ae0a7dcb8981de1a79513ad27dd44a420e6612,cell,mack_normal,27922.25028712222,28611.385394102446,29913.19259941567,31214.999804728894,31584.044058553853,31904.134911709119,32529.73432678029,False,False,False,0.10031263381338652,0.15341493448610669,1.037082194245845,2.8384471627615384
raa,1989,1985,5,4,26180,29913.19259941567,25955,751233.59771866584,280627.3373841478,9993bf3e8affec3c6fcea28ed4ae0a7dcb8981de1a79513ad27dd44a420e6612,cell,mack_lognormal,27971.473707371533,28623.165978552312,29895.959912694016,31225.351513215526,31612.857874315134,31952.854127448638,32627.950945940338,False,False,False,0.10025758176317529,0.15339550838285898,1.0415659919162523,2.9142873710244048
raa,1989,1986,4,5,15852,15045.823247650736,12935,849659.40875613445,133951.81362219946,9993bf3e8affec3c6fcea28ed4ae0a7dcb8981de1a79513ad27dd44a420e6612,cell,mack_normal,13101.98631870351,13774.816596964592,15045.823247650736,16316.82989833688,16677.142622905161,16989.660176597961,17600.458007471469,True,True,False,0.19652209519692987,0.30055460826396996,0.19652209519692987,0.30055460826396996
raa,1989,1986,4,5,15852,15045.823247650736,12935,849659.40875613445,133951.81362219946,9993bf3e8affec3c6fcea28ed4ae0a7dcb8981de1a79513ad27dd44a420e6612,cell,mack_lognormal,13195.530568278162,13798.34225307031,15013.242198007782,16335.110201074165,16730.585811427612,17081.347364530626,17788.264047496279,True,True,False,0.19611657889477038,0.3004110395247363,0.19611657889477038,0.3004110395247363
raa,1989,1987,3,6,12314,14149.060587915079,10946,8496069.0507497825,1265622.9154804999,9993bf3e8affec3c6fcea28ed4ae0a7dcb8981de1a79513ad27dd44a420e6612,cell,mack_normal,8025.4066371619574,10145.018488497277,14149.060587915079,18153.102687332881,19288.192985521713,20272.714538668199,22196.906066486183,True,True,False,0.7315991411324323,1.1188843323137438,0.7315991411324323,1.1188843323137438
raa,1989,1987,3,6,12314,14149.060587915079,10946,8496069.0507497825,1265622.9154804999,9993bf3e8affec3c6fcea28ed4ae0a7dcb8981de1a79513ad27dd44a420e6612,cell,mack_lognormal,9008.6819199055299,10445.958447243653,13816.225247108705,18273.869367076906,19781.416333363377,21189.346208023933,24236.927953056707,True,True,False,0.71513894754551921,1.1127959335025035,0.71513894754551921,1.1127959335025035
raa,1989,1988,2,7,13112,11038.892962677155,6947,8350952.7309606643,1091906.2058305647,9993bf3e8affec3c6fcea28ed4ae0a7dcb8981de1a79513ad27dd44a420e6612,cell,mack_normal,5016.0735435589759,7100.7830196137684,11038.892962677155,14977.002905740541,16093.402353743897,17061.712381795332,18954.219403427334,True,True,False,1.1337584404961527,1.7339339050289846,1.1337584404961527,1.7339339050289846
raa,1989,1988,2,7,13112,11038.892962677155,6947,8350952.7309606643,1091906.2058305647,9993bf3e8affec3c6fcea28ed4ae0a7dcb8981de1a79513ad27dd44a420e6612,cell,mack_lognormal,6225.5085746239283,7493.1844631808963,10634.538644597951,15092.837062687027,16667.696272779911,18166.132264989934,21494.781530372118,True,True,False,1.0939474016850628,1.7188172866512172,1.0939474016850628,1.7188172866512172
raa,1989,1989,1,8,5395,10067.628048780487,3133,97167387.678358644,16282917.500871718,9993bf3e8affec3c6fcea28ed4ae0a7dcb8981de1a79513ad27dd44a420e6612,cell,mack_normal,-10808.546781422363,-3582.5689687466438,10067.628048780487,23717.825066307618,27587.466248455552,30943.802878983333,37503.57243235319,True,True,False,8.7138187153061804,13.326635703927769,8.7138187153061804,13.326635703927769
raa,1989,1989,1,8,5395,10067.628048780487,3133,97167387.678358644,16282917.500871718,9993bf3e8affec3c6fcea28ed4ae0a7dcb8981de1a79513ad27dd44a420e6612,cell,mack_lognormal,1265.1184146030237,2277.5847724459536,6915.5968005181712,20998.331076817056,28769.065255489568,37803.164158624706,64465.865370107473,True,True,False,5.9753419420271632,11.662319101187899,5.9753419420271632,11.662319101187899
raa,1989,-1,-1,7,123386,131175.39280595159,108862,,,9993bf3e8affec3c6fcea28ed4ae0a7dcb8981de1a79513ad27dd44a420e6612,eligible_diagonal,mack_normal,108229.68363540665,116172.00001812763,131175.39280595159,146178.78559377554,150432.0389738665,154121.10197649652,161331.16634995904,True,True,False,0.27564058694170518,0.42155589958929535,0.27564058694170518,0.42155589958929535
raa,1989,-1,-1,7,123386,131175.39280595159,108862,,,9993bf3e8affec3c6fcea28ed4ae0a7dcb8981de1a79513ad27dd44a420e6612,eligible_diagonal,mack_lognormal,109726.55247737558,116561.45403254077,130656.06762794245,146455.00221052245,151271.78358922803,155577.73048157443,164350.53667513561,True,True,False,0.27460039479323983,0.42118625419520911,0.27460039479323983,0.42118625419520911
genins,2006,2003,4,2,3985995,3800198.6325770086,3235179,47432276598.503311,27541841752.531292,968f049087689ba1986aa6f5235b413a6500936e978de9943185eed4ddf2bb5f,cell,mack_normal,3263533.0120428186,3449291.8447000091,3800198.6325770086,4151105.420454008,4250582.6188944802,4336864.2531111985,4505496.8127900595,True,True,False,0.21693191497410158,0.33176873399227058,0.21693191497410158,0.33176873399227058
genins,2006,2003,4,2,3985995,3800198.6325770086,3235179,47432276598.503311,27541841752.531292,968f049087689ba1986aa6f5235b413a6500936e978de9943185eed4ddf2bb5f,cell,mack_lognormal,3291773.9990138174,3456459.198817411,3790372.3764069611,4156543.423612359,4266640.644852302,4364492.4457551278,4562264.6865952453,True,True,False,0.21639736929392409,0.33157931809686897,0.21639736929392409,0.33157931809686897
genins,2006,2004,3,3,3757447,3156699.8389319009,2195047,76987780944.751038,27595507559.810524,968f049087689ba1986aa6f5235b413a6500936e978de9943185eed4ddf2bb5f,cell,mack_normal,2522860.4301515329,2742254.5261436831,3156699.8389319009,3571145.1517201187,3688634.6390919285,3790539.247712269,3989706.0246367468,False,True,True,0.37761862300735954,0.57751784702593434,1.2263560226160299,0.57751784702593434
genins,2006,2004,3,3,3757447,3156699.8389319009,2195047,76987780944.751038,27595507559.810524,968f049087689ba1986aa6f5235b413a6500936e978de9943185eed4ddf2bb5f,cell,mack_lognormal,2570341.8193412861,2754838.0566278924,3140263.813660874,3579613.9797265544,3714993.5794027965,3836554.6345563992,4085742.5004146895,False,True,True,0.37574408342903909,0.57684997870893562,1.1858999492189088,0.57684997870893562
genins,2006,2005,2,4,2128333,1863772.1182940132,1136350,17794383140.950977,3986649151.6456709,968f049087689ba1986aa6f5235b413a6500936e978de9943185eed4ddf2bb5f,cell,mack_normal,1574512.8252294359,1674635.6327262819,1863772.1182940132,2052908.6038617445,2106526.1694294694,2153031.4113585902,2243923.268660394,False,True,True,0.33288420920971762,0.50910246502323608,0.99662686013817703,0.50910246502323608
genins,2006,2005,2,4,2128333,1863772.1182940132,1136350,17794383140.950977,3986649151.6456709,968f049087689ba1986aa6f5235b413a6500936e978de9943185eed4ddf2bb5f,cell,mack_lognormal,1591247.8683045187,1678927.3784941719,1857956.1891030045,2056075.3519442012,2115989.0893460196,2169367.3684567325,2277611.0045258901,False,True,True,0.33189419936641817,0.50875126514912983,0.96776913275664866,0.50875126514912983
genins,2006,2006,1,5,1333217,1401952.2689368222,396132,103649514729.86635,23405501050.86554,968f049087689ba1986aa6f5235b413a6500936e978de9943185eed4ddf2bb5f,cell,mack_normal,703327.46900174685,945146.06578856125,1401952.2689368222,1858758.4720850831,1988256.6832606005,2100577.0688718976,2320100.8910815567,True,True,False,2.3063332583495448,3.5272323363680562,2.3063332583495448,3.5272323363680562
genins,2006,2006,1,5,1333217,1401952.2689368222,396132,103649514729.86635,23405501050.86554,968f049087689ba1986aa6f5235b413a6500936e978de9943185eed4ddf2bb5f,cell,mack_lognormal,831940.75523520971,985899.36004301929,1358723.5701673205,1872533.6631191997,2050778.8508618593,2219063.9519833168,2588877.0915829861,True,True,False,2.2382294363398576,3.5016691323803864,2.2382294363398576,3.5016691323803864
genins,2006,-1,-1,4,11204992,10222622.858739745,6962708,,,968f049087689ba1986aa6f5235b413a6500936e978de9943185eed4ddf2bb5f,eligible_diagonal,mack_normal,9099453.2659822945,9488221.7364108637,10222622.858739745,10957023.981068626,11165216.494592825,11345792.451497195,11698717.915944915,False,True,True,0.21095272768264337,0.32262435614345752,0.56709005087840847,0.32262435614345752
genins,2006,-1,-1,4,11204992,10222622.858739745,6962708,,,968f049087689ba1986aa6f5235b413a6500936e978de9943185eed4ddf2bb5f,eligible_diagonal,mack_lognormal,9145387.1414902937,9499602.8831182383,10206598.52192617,10966211.395311529,11191658.704721836,11390950.626373334,11790759.400978588,False,True,True,0.21063765882373503,0.32251294824988214,0.55357980818354047,0.32251294824988214
genins,2007,2003,5,2,4132918,4531330.3376682652,3985995,98807767590.986023,60178387730.40451,aaaab1d313a03a9e161120a95549ea38f0d93ed65d4bd1957e582f881e70ed99,cell,mack_normal,3749832.5649730372,4020336.4102455545,4531330.3376682652,5042324.2650909759,5187183.9431486232,5312828.1103634927,5558392.5079147043,True,True,False,0.25639466553405649,0.39212180280970133,0.25639466553405649,0.39212180280970133
genins,2007,2003,5,2,4132918,4531330.3376682652,3985995,98807767590.986023,60178387730.40451,aaaab1d313a03a9e161120a95549ea38f0d93ed65d4bd1957e582f881e70ed99,cell,mack_lognormal,3800094.8723146156,4033390.3495343309,4513888.5720651038,5051628.5990946367,5215409.0741913393,5361758.2522642473,5659751.8563151807,True,True,False,0.25545397060465602,0.39178759129141699,0.25545397060465602,0.39178759129141699
genins,2007,2004,4,3,4029929,4492950.8568039294,3757447,40227134467.862755,17163081193.421234,aaaab1d313a03a9e161120a95549ea38f0d93ed65d4bd1957e582f881e70ed99,cell,mack_normal,4023416.8855371238,4185939.0950063998,4492950.8568039294,4799962.6186014591,4886996.1870789006,4962484.8280707356,5110023.0947331106,False,True,False,0.16341508572045307,0.24992180662391561,0.57861746916431744,0.24992180662391561
genins,2007,2004,4,3,4029929,4492950.8568039294,3757447,40227134467.862755,17163081193.421234,aaaab1d313a03a9e161120a95549ea38f0d93ed65d4bd1957e582f881e70ed99,cell,mack_lognormal,4041677.3538115835,4190444.5767237293,4486577.7473429609,4803638.2570870453,4897529.976764272,4980451.9561586548,5146593.5990229053,False,False,False,0.1631942327764879,0.24984373760882622,0.59038742199174299,0.37491114440480744
genins,2007,2005,3,4,2897821,3214454.7094783168,2128333,135630517170.36324,34699983291.220657,aaaab1d313a03a9e161120a95549ea38f0d93ed65d4bd1957e582f881e70ed99,cell,mack_normal,2405555.7025365378,2685544.0780123109,3214454.7094783168,3743365.3409443228,3893304.1556419223,4023353.7164200959,4277528.2057911567,True,True,False,0.49701868219494405,0.7601244795262575,0.49701868219494405,0.7601244795262575
genins,2007,2005,3,4,2897821,3214454.7094783168,2128333,135630517170.36324,34699983291.220657,aaaab1d313a03a9e161120a95549ea38f0d93ed65d4bd1957e582f881e70ed99,cell,mack_lognormal,2481507.6772305318,2706384.0128647224,3188283.3735148986,3755989.8453108557,3934589.2894139104,4096360.838656072,4431988.4304544283,True,True,False,0.49315865160486316,0.75874083680774584,0.49315865160486316,0.75874083680774584
genins,2007,2006,2,5,2180715,2243473.8932295563,1333217,32429864071.148396,6964074569.9837122,aaaab1d313a03a9e161120a95549ea38f0d93ed65d4bd1957e582f881e70ed99,cell,mack_normal,1854462.0771174231,1989112.7386949514,2243473.8932295563,2497835.0477641611,2569942.90067368,2632485.7093416895,2754722.0810902915,True,True,False,0.38157502422277073,0.58356864053208624,0.38157502422277073,0.58356864053208624
genins,2007,2006,2,5,2180715,2243473.8932295563,1333217,32429864071.148396,6964074569.9837122,aaaab1d313a03a9e161120a95549ea38f0d93ed65d4bd1957e582f881e70ed99,cell,mack_lognormal,1879617.1215091934,1995650.3267113878,2234745.4233407206,2502486.0519387699,2584063.5842196797,2656970.4276434844,2805454.855678597,True,True,False,0.38015996287729759,0.58306585209631367,0.38015996287729759,0.58306585209631367
genins,2007,2007,1,6,1288463,1546059.302016906,440832,93134181584.858963,19092746949.676426,aaaab1d313a03a9e161120a95549ea38f0d93ed65d4bd1957e582f881e70ed99,cell,mack_normal,889465.72564077331,1116735.8387447856,1546059.302016906,1975382.7652890263,2097090.0015880333,2202652.8783930386,2408969.5329661276,True,True,False,1.9477871990786528,2.9788834584428203,1.9477871990786528,2.9788834584428203
genins,2007,2007,1,6,1288463,1546059.302016906,440832,93134181584.858963,19092746949.676426,aaaab1d313a03a9e161120a95549ea38f0d93ed65d4bd1957e582f881e70ed99,cell,mack_lognormal,992966.59879673063,1148272.2873309469,1510994.80621633,1988296.0945783965,2149204.4486305029,2299277.0423288899,2623511.7704930138,True,True,False,1.9055418101395762,2.9632840708754342,1.9055418101395762,2.9632840708754342
genins,2007,-1,-1,5,14529846,16028269.099196974,11645824,,,aaaab1d313a03a9e161120a95549ea38f0d93ed65d4bd1957e582f881e70ed99,eligible_diagonal,mack_normal,14590227.430834809,15087984.192971833,16028269.099196974,16968554.005422115,17235111.710882992,17466310.767559137,17918176.208873209,False,False,False,0.16148018486714913,0.24696263113063771,0.64074055577077349,0.45435518947536047
genins,2007,-1,-1,5,14529846,16028269.099196974,11645824,,,aaaab1d313a03a9e161120a95549ea38f0d93ed65d4bd1957e582f881e70ed99,eligible_diagonal,mack_lognormal,14638209.836869799,15099685.283122856,16011502.373228198,16978380.902709194,17262950.139932018,17513631.182015724,18014131.459790848,False,False,False,0.16131925225611665,0.24690578744328662,0.65062707892673799,0.61910387963426805
genins,2008,2003,6,2,4628910,4507403.0527392458,4132918,53648485058.291336,29801490710.372692,6d6c3e09c3f04ce832c976746266bdbe1e10ea5ff7d2fb2d6a40cec4853f6454,cell,mack_normal,3941214.351418524,4137192.1599398497,4507403.0527392458,4877613.9455386419,4982563.5894900681,5073591.7540599676,5251501.138063225,True,True,False,0.17915230488453729,0.27398980638895898,0.17915230488453729,0.27398980638895898
genins,2008,2003,6,2,4628910,4507403.0527392458,4132918,53648485058.291336,29801490710.372692,6d6c3e09c3f04ce832c976746266bdbe1e10ea5ff7d2fb2d6a40cec4853f6454,cell,mack_lognormal,3967702.7815749957,4143835.5916213645,4498174.4818795854,4882812.8486429295,4997718.1548229484,5099568.8899360746,5304661.9583363449,True,True,False,0.17880278704333474,0.27386609372871151,0.17880278704333474,0.27386609372871151
genins,2008,2004,5,3,4381982,4428808.4912429024,4029929,99817111027.712219,38198550406.517548,6d6c3e09c3f04ce832c976746266bdbe1e10ea5ff7d2fb2d6a40cec4853f6454,cell,mack_normal,3700672.8719998552,3952706.2005221392,4428808.4912429024,4904910.781963666,5039879.1658428451,5156944.1104859496,5385740.9041842055,True,True,False,0.23628321527290599,0.36136399387832746,0.23628321527290599,0.36136399387832746
genins,2008,2004,5,3,4381982,4428808.4912429024,4029929,99817111027.712219,38198550406.517548,6d6c3e09c3f04ce832c976746266bdbe1e10ea5ff7d2fb2d6a40cec4853f6454,cell,mack_lognormal,3745308.0478854566,3964230.8331662626,4413308.6621560631,4913259.1332743028,5065025.5941227032,5200451.6313306512,5475677.2554232506,True,True,False,0.23549504224715628,0.36108417380186963,0.23549504224715628,0.36108417380186963
genins,2008,2005,4,4,3402672,3358265.0970340534,2897821,59314174611.95295,13680267310.562752,6d6c3e09c3f04ce832c976746266bdbe1e10ea5ff7d2fb2d6a40cec4853f6454,cell,mack_normal,2828732.1492537539,3012022.1131893564,3358265.0970340534,3704508.0808787504,3802663.1556805894,3887798.0448143524,4054189.3562786495,True,True,False,0.23896782019641449,0.36546974280350597,0.23896782019641449,0.36546974280350597
genins,2008,2005,4,4,3402672,3358265.0970340534,2897821,59314174611.95295,13680267310.562752,6d6c3e09c3f04ce832c976746266bdbe1e10ea5ff7d2fb2d6a40cec4853f6454,cell,mack_lognormal,2859859.5346578406,3020019.4479082194,3347449.6897084769,3710379.88940458,3820246.8878941652,3918171.2560823443,4116864.9715678571,True,True,False,0.23823432899974173,0.36520948720590529,0.23823432899974173,0.36520948720590529
genins,2008,2006,3,5,2985752,3227475.3914501863,2180715,124675775004.54063,26024251765.057316,6d6c3e09c3f04ce832c976746266bdbe1e10ea5ff7d2fb2d6a40cec4853f6454,cell,mack_normal,2466615.3865130669,2729975.7750394996,3227475.3914501863,3724975.0078608729,3866009.2362528634,3988335.3963873051,4227414.9373165406,True,True,False,0.4562720175820193,0.69780783361156229,0.4562720175820193,0.69780783361156229
genins,2008,2006,3,5,2985752,3227475.3914501863,2180715,124675775004.54063,26024251765.057316,6d6c3e09c3f04ce832c976746266bdbe1e10ea5ff7d2fb2d6a40cec4853f6454,cell,mack_lognormal,2533545.7194709829,2748145.8676672997,3204379.2699756799,3736354.2549383184,3902633.2560468074,4052836.4761437546,4363294.9367603054,True,True,False,0.45315797216555981,0.69669386264265232,0.45315797216555981,0.69669386264265232
genins,2008,2007,2,6,2419861,2157441.8861381677,1288463,25699706680.908928,4390695145.4446697,6d6c3e09c3f04ce832c976746266bdbe1e10ea5ff7d2fb2d6a40cec4853f6454,cell,mack_normal,1817455.0635787093,1935136.4518789477,2157441.8861381677,2379747.3203973877,2442767.8220297224,2497428.7086976259,2604260.3110056254,False,True,False,0.34507073041169212,0.52774014086467103,0.65640042790872755,0.52774014086467103
genins,2008,2007,2,6,2419861,2157441.8861381677,1288463,25699706680.908928,4390695145.4446697,6d6c3e09c3f04ce832c976746266bdbe1e10ea5ff7d2fb2d6a40cec4853f6454,cell,mack_lognormal,1837428.6350649563,1940267.7671833993,2150501.8871894456,2383515.5358575983,2454051.2277981089,2516918.6321306438,2644477.1141336784,False,True,False,0.34401280337440732,0.52736477265213477,0.62609668271282604,0.52736477265213477
genins,2008,2008,1,7,1421128,1225009.9459826606,359480,70773316743.097321,9818440417.8012257,6d6c3e09c3f04ce832c976746266bdbe1e10ea5ff7d2fb2d6a40cec4853f6454,cell,mack_normal,668601.8974957855,861194.27832522348,1225009.9459826606,1588825.6136400979,1691962.3001267598,1781417.9944695355,1956254.0746135665,True,True,False,2.0241218852644778,3.0956272865632304,2.0241218852644778,3.0956272865632304
genins,2008,2008,1,7,1421128,1225009.9459826606,359480,70773316743.097321,9818440417.8012257,6d6c3e09c3f04ce832c976746266bdbe1e10ea5ff7d2fb2d6a40cec4853f6454,cell,mack_lognormal,762245.15390904655,890188.88699951954,1193383.9128042504,1599846.0373284256,1738462.8207141843,1868382.0501007983,2150999.4844288006,True,True,False,1.9741213706712641,3.0770471130292409,1.9741213706712641,3.0770471130292409
genins,2008,-1,-1,6,19240305,18904403.864587218,14889326,,,6d6c3e09c3f04ce832c976746266bdbe1e10ea5ff7d2fb2d6a40cec4853f6454,eligible_diagonal,mack_normal,17443156.051467706,17948945.275897183,18904403.864587218,19859862.453277253,20130721.686875455,20365651.67770673,20824809.018186644,True,True,False,0.12834141568127866,0.19628125720660722,0.12834141568127866,0.19628125720660722
genins,2008,-1,-1,6,19240305,18904403.864587218,14889326,,,6d6c3e09c3f04ce832c976746266bdbe1e10ea5ff7d2fb2d6a40cec4853f6454,eligible_diagonal,mack_lognormal,17485136.538903441,17959080.874031615,18889719.595383193,19868583.971252054,20155194.782649208,20407132.972527616,20908660.242113203,True,True,False,0.12824644293639884,0.19624773032870491,0.12824644293639884,0.19624773032870491
genins,2009,2003,7,2,4909315,4860590.4481006945,4628910,2622994137.1660681,1496339664.1012537,c6d4eb512ea1d500c92ee0ce35ddadfb1b672b86190496334d0c4800eba5898d,cell,mack_normal,4734795.9682287155,4778337.8588243481,4860590.4481006945,4942843.0373770408,4966160.5035200827,4986384.9279726734,5025912.4183179056,True,True,False,0.03553864269400199,0.05435166372730469,0.03553864269400199,0.05435166372730469
genins,2009,2003,7,2,4909315,4860590.4481006945,4628910,2622994137.1660681,1496339664.1012537,c6d4eb512ea1d500c92ee0ce35ddadfb1b672b86190496334d0c4800eba5898d,cell,mack_lognormal,4736002.3015413973,4778616.8442804804,4860166.7552144406,4943108.3634093553,4966877.6204921529,4987586.4462320488,5028310.2871121271,True,True,False,0.035535691799770328,0.054350623514099743,0.035535691799770328,0.054350623514099743
genins,2009,2004,6,3,4588268,4825042.1166524598,4381982,33472493937.662651,12673998339.229702,c6d4eb512ea1d500c92ee0ce35ddadfb1b672b86190496334d0c4800eba5898d,cell,mack_normal,4404007.8546248171,4549742.6101790983,4825042.1166524598,5100341.6231258214,5178385.2078672322,5246076.3786801025,5378374.932195696,True,True,False,0.12565067883590644,0.19216613031620974,0.12565067883590644,0.19216613031620974
genins,2009,2004,6,3,4588268,4825042.1166524598,4381982,33472493937.662651,12673998339.229702,c6d4eb512ea1d500c92ee0ce35ddadfb1b672b86190496334d0c4800eba5898d,cell,mack_lognormal,4417669.694814153,4553067.6673275745,4820267.2356942408,5103147.5745989038,5186319.0638827821,5259554.884961782,5405689.32626394,True,True,False,0.12553221516458291,0.19212429219189606,0.12553221516458291,0.19212429219189606
genins,2009,2005,5,4,3873311,3728523.1320072468,3402672,56633411084.235931,13234694601.311008,c6d4eb512ea1d500c92ee0ce35ddadfb1b672b86190496334d0c4800eba5898d,cell,mack_normal,3210454.1685758,3389776.0446206159,3728523.1320072468,4067270.2193938778,4163300.3117068927,4246592.0954386937,4409381.1619465481,True,True,False,0.1991065182812983,0.30450714228785308,0.1991065182812983,0.30450714228785308
genins,2009,2005,5,4,3873311,3728523.1320072468,3402672,56633411084.235931,13234694601.311008,c6d4eb512ea1d500c92ee0ce35ddadfb1b672b86190496334d0c4800eba5898d,cell,mack_lognormal,3237275.9284831448,3396571.571404811,3719188.8937602281,4072449.4498870242,4178565.0866976371,4272841.2199174846,4463283.7284557037,True,True,False,0.19863151031959977,0.30433885235906949,0.19863151031959977,0.30433885235906949
genins,2009,2006,4,5,3691712,3468742.8020177679,2985752,46248250106.092522,8930633615.0598221,c6d4eb512ea1d500c92ee0ce35ddadfb1b672b86190496334d0c4800eba5898d,cell,mack_normal,3008343.6169764865,3167703.9558863305,3468742.8020177679,3769781.6481492054,3855121.9780302127,3929141.9870590493,4073809.895859119,True,True,False,0.20165026842915115,0.30839747242321625,0.20165026842915115,0.30839747242321625
genins,2009,2006,4,5,3691712,3468742.8020177679,2985752,46248250106.092522,8930633615.0598221,c6d4eb512ea1d500c92ee0ce35ddadfb1b672b86190496334d0c4800eba5898d,cell,mack_lognormal,3031108.2714591725,3173444.5038769031,3460816.3249320509,3774211.1514110104,3868109.6542261941,3951442.3643964236,4119530.1724389158,True,True,False,0.20121116808566394,0.30824197486504273,0.20121116808566394,0.30824197486504273
genins,2009,2007,3,6,3483130,3535092.6570815784,2419861,121406797062.82269,23264805895.544777,c6d4eb512ea1d500c92ee0ce35ddadfb1b672b86190496334d0c4800eba5898d,cell,mack_normal,2789606.2351472955,3047645.286283935,3535092.6570815784,4022540.0278792218,4160724.5843179543,4280579.0790158613,4514827.8900566734,True,True,False,0.40287220695539411,0.61613987078950638,0.40287220695539411,0.61613987078950638
genins,2009,2007,3,6,3483130,3535092.6570815784,2419861,121406797062.82269,23264805895.544777,c6d4eb512ea1d500c92ee0ce35ddadfb1b672b86190496334d0c4800eba5898d,cell,mack_lognormal,2848262.7749525756,3063300.3809773987,3514806.4146273006,4032860.8350068191,4193152.9930195357,4337333.0020475071,4633594.4137259321,True,True,False,0.4006678292800373,0.61535362035047947,0.4006678292800373,0.61535362035047947
genins,2009,2008,2,7,2864498,2421814.2025496592,1421128,34433414833.605003,5541746251.9088259,c6d4eb512ea1d500c92ee0ce35ddadfb1b672b86190496334d0c4800eba5898d,cell,mack_normal,2029943.1329864473,2165583.4826733326,2421814.2025496592,2678044.9224259858,2750682.7711318843,2813685.2721128711,2936820.0864107576,False,False,True,0.36060188790359016,0.55149299649744687,1.6726095154643321,1.9817013348632788
genins,2009,2008,2,7,2864498,2421814.2025496592,1421128,34433414833.605003,5541746251.9088259,c6d4eb512ea1d500c92ee0ce35ddadfb1b672b86190496334d0c4800eba5898d,cell,mack_lognormal,2053583.7970839415,2171675.7891718936,2413603.0087189926,2682481.2031075568,2764015.2553594862,2836738.1413748339,2984441.3384910845,False,False,True,0.35943659820625812,0.5510793850313922,1.6402276099409028,1.332426557845273
genins,2009,2009,1,8,1363294,1308679.8424142189,376686,68622543482.303055,8760390015.9369125,c6d4eb512ea1d500c92ee0ce35ddadfb1b672b86190496334d0c4800eba5898d,cell,mack_normal,763461.2142860149,952180.54347136128,1308679.8424142189,1665179.1413570766,1766241.7389756171,1853898.470542423,2025218.5799884847,True,True,False,1.8928194779888696,2.894817583495028,1.8928194779888696,2.894817583495028
genins,2009,2009,1,8,1363294,1308679.8424142189,376686,68622543482.303055,8760390015.9369125,c6d4eb512ea1d500c92ee0ce35ddadfb1b672b86190496334d0c4800eba5898d,cell,mack_lognormal,847808.65978124773,977766.23885835253,1280080.1793824818,1675866.0715889877,1808871.8002279366,1932753.6310736449,2199901.8693938819,True,True,False,1.853267264327942,2.8802370443616088,1.853267264327942,2.8802370443616088
genins,2009,-1,-1,7,24773528,24148485.200823624,19616991,,,c6d4eb512ea1d500c92ee0ce35ddadfb1b672b86190496334d0c4800eba5898d,eligible_diagonal,mack_normal,22852324.233068451,23300971.098254919,24148485.200823624,24995999.303392328,25236257.775086179,25444646.168578796,25851929.462654572,True,True,False,0.086406126461362462,0.13214676682628568,0.086406126461362462,0.13214676682628568
genins,2009,-1,-1,7,24773528,24148485.200823624,19616991,,,c6d4eb512ea1d500c92ee0ce35ddadfb1b672b86190496334d0c4800eba5898d,eligible_diagonal,mack_lognormal,22878148.520139433,23307086.017716926,24139435.012606263,25001509.081182063,25251448.910708982,25470257.010303285,25903394.174049459,True,True,False,0.08637527862785567,0.13213588618987751,0.08637527862785567,0.13213588618987751
abc,1983,1979,5,2,920268,921437.15163695323,864182,2739255.9837053092,1735032.377364414,26787878b450f882e77cbfd0d3faae916d0f109726e4911bec0f762a7a8a810f,cell,mack_normal,917291.33513221494,918726.34793136641,921437.15163695323,924147.95534254005,924916.43052589381,925582.96814169153,926885.67810186557,True,True,False,0.0062736870371908207,0.0095947763428034689,0.0062736870371908207,0.0095947763428034689
abc,1983,1979,5,2,920268,921437.15163695323,864182,2739255.9837053092,1735032.377364414,26787878b450f882e77cbfd0d3faae916d0f109726e4911bec0f762a7a8a810f,cell,mack_lognormal,917298.23624385381,918727.91433821828,921434.72376074479,924149.50814205455,924920.5658898633,925589.86445748655,926899.36917530489,True,True,False,0.0062736712912745988,0.009594770793227278,0.0062736712912745988,0.009594770793227278
abc,1983,1980,4,3,858334,862630.83270337794,779340,5350.9757347575551,2071.268286070595,26787878b450f882e77cbfd0d3faae916d0f109726e4911bec0f762a7a8a810f,cell,mack_normal,862461.97701125254,862520.42390081764,862630.83270337794,862741.24150593823,862772.54086731095,862799.68839550333,862852.7466993893,False,False,False,0.00028333924233402049,0.00043332997696869457,0.054000893850305348,0.21230373371616051
abc,1983,1980,4,3,858334,862630.83270337794,779340,5350.9757347575551,2071.268286070595,26787878b450f882e77cbfd0d3faae916d0f109726e4911bec0f762a7a8a810f,cell,mack_lognormal,862461.98923566996,862520.42666489969,862630.82840128045,862741.24426897115,862772.54820430186,862799.70061955205,862852.77094205166,False,False,False,0.00028333924098783669,0.00043332997649561824,0.054000929315919002,0.2123043611397854
abc,1983,1981,3,4,800862,810233.83814044518,680764,29825843.948459633,8653210.6871599313,26787878b450f882e77cbfd0d3faae916d0f109726e4911bec0f762a7a8a810f,cell,mack_normal,798075.88996478776,802284.18312574842,810233.83814044518,818183.49315514194,820437.10988970194,822391.7863161026,826212.09051085112,False,True,False,0.023355098138846248,0.035718540274331266,0.044246084233122908,0.035718540274331266
abc,1983,1981,3,4,800862,810233.83814044518,680764,29825843.948459633,8653210.6871599313,26787878b450f882e77cbfd0d3faae916d0f109726e4911bec0f762a7a8a810f,cell,mack_lognormal,798143.43787169899,802299.65770946897,810210.0935365184,818198.52390634571,820477.42839099502,822459.17778750963,826346.22491607734,False,True,False,0.023354446176467529,0.035718310480299546,0.044472744286663882,0.035718310480299546
abc,1983,1982,2,5,635906,640254.80104568554,458400,3548987.6960906535,750608.78049552662,26787878b450f882e77cbfd0d3faae916d0f109726e4911bec0f762a7a8a810f,cell,mack_normal,636190.72392899508,637597.44385317015,640254.80104568554,642912.15823820094,643665.48207774933,644318.878162376,645595.90374534077,False,False,False,0.011594054068566298,0.017731575552750695,0.048492916485017988,0.042576595534869477
abc,1983,1982,2,5,635906,640254.80104568554,458400,3548987.6960906535,750608.78049552662,26787878b450f882e77cbfd0d3faae916d0f109726e4911bec0f762a7a8a810f,cell,mack_lognormal,636200.26937353308,637599.61401962163,640251.44334915013,642914.30185535678,643671.19807376619,644328.4142496835,645614.8440219576,False,False,False,0.011593996151254695,0.017731555139944184,0.048540200767782385,0.043409510945623342
abc,1983,1983,1,6,453124,440242.18102569587,197716,21036627.296932809,3527029.54115246,26787878b450f882e77cbfd0d3faae916d0f109726e4911bec0f762a7a8a810f,cell,mack_normal,430528.25925181038,433890.58897854807,440242.18102569587,446593.77307284367,448394.36116152012,449956.10279958136,453008.43824007409,False,False,True,0.064249651491511073,0.098261362498588814,0.3945328317680859,0.7391598634633334
abc,1983,1983,1,6,453124,440242.18102569587,197716,21036627.296932809,3527029.54115246,26787878b450f882e77cbfd0d3faae916d0f109726e4911bec0f762a7a8a810f,cell,mack_lognormal,430607.65851018194,433908.89087260829,440214.28578613675,446611.3082414185,448441.62848265073,450035.23179469007,453166.20776118542,False,False,True,0.064245773578315443,0.098259995571972611,0.39364206718032518,0.7231498791038925
abc,1983,-1,-1,5,3668494,3674798.8045521579,2980402,,,26787878b450f882e77cbfd0d3faae916d0f109726e4911bec0f762a7a8a810f,eligible_diagonal,mack_normal,3658188.2955407738,3663937.7764945291,3674798.8045521579,3685659.8326097867,3688738.7831478855,3691409.313563542,3696628.7137728757,True,True,False,0.0072882973891634601,0.011146488971208649,0.0072882973891634601,0.011146488971208649
abc,1983,-1,-1,5,3668494,3674798.8045521579,2980402,,,26787878b450f882e77cbfd0d3faae916d0f109726e4911bec0f762a7a8a810f,eligible_diagonal,mack_lognormal,3658216.0733262477,3663944.0815826766,3674789.0320808049,3685666.0826734453,3688755.4283449003,3691437.0719558792,3696683.8220550437,True,True,False,0.0072882789270604185,0.011146482464322422,0.0072882789270604185,0.011146482464322422
abc,1984,1979,6,2,958764,962533.98936180456,920268,959459.77270795987,606946.39665869437,9e4415987287f48ce465aa31852ed4f9cb96c924d7f40be634e41bd8dff80318,cell,mack_normal,960080.97391217866,960930.0487717886,962533.98936180456,964137.92995182052,964592.6248220026,964987.00481143047,965757.79812923318,False,False,False,0.0034858119374268403,0.0053310893123001248,0.027022963851745269,0.06257414947210814
abc,1984,1979,6,2,958764,962533.98936180456,920268,959459.77270795987,606946.39665869437,9e4415987287f48ce465aa31852ed4f9cb96c924d7f40be634e41bd8dff80318,cell,mack_lognormal,960083.28642791137,960930.57275526552,962533.17567407864,964138.45135218184,964594.01156072377,964989.31641676009,965762.38511758542,False,False,False,0.0034858091305101655,0.0053310883230197293,0.027028654858771012,0.062674663364697639
abc,1984,1980,5,3,918566,914751.39695747802,858334,1775955.6664847173,684016.90206820646,9e4415987287f48ce465aa31852ed4f9cb96c924d7f40be634e41bd8dff80318,cell,mack_normal,911677.33070540521,912741.37307489314,914751.39695747802,916761.4208400629,917331.23468107672,917825.46320955083,918791.40483292798,False,False,True,0.0046835471566660045,0.0071628672569717788,0.025707754049753083,0.041673292823204609
abc,1984,1980,5,3,918566,914751.39695747802,858334,1775955.6664847173,684016.90206820646,9e4415987287f48ce465aa31852ed4f9cb96c924d7f40be634e41bd8dff80318,cell,mack_lognormal,911681.15235137602,912742.23963136133,914750.05234781024,916762.2817678249,917333.52570274705,917829.28287171421,918798.98580333183,False,False,True,0.0046835405989551493,0.0071628649457416253,0.025697717273479314,0.041495286976596234
abc,1984,1981,4,4,888444,885220.76784198859,800862,4563028.1758890245,1308533.9584127374,9e4415987287f48ce465aa31852ed4f9cb96c924d7f40be634e41bd8dff80318,cell,mack_normal,880471.51904327667,882115.40096731181,885220.76784198859,888326.13471666537,889206.46307591884,889970.01664070052,891462.33876985312,False,True,False,0.0077550611083477047,0.011860342477760024,0.0092267913606836598,0.011860342477760024
abc,1984,1981,4,4,888444,885220.76784198859,800862,4563028.1758890245,1308533.9584127374,9e4415987287f48ce465aa31852ed4f9cb96c924d7f40be634e41bd8dff80318,cell,mack_lognormal,880480.94642889663,882117.5424284956,885217.45142118656,888328.25401399389,889212.11044234596,889979.43621475203,891481.04314860597,False,True,False,0.0077550334333484402,0.011860332723809349,0.0092003009826404063,0.011860332723809349
abc,1984,1982,3,5,765428,754875.92774355854,635906,36793814.1157052,7729012.9614258483,9e4415987287f48ce465aa31852ed4f9cb96c924d7f40be634e41bd8dff80318,cell,mack_normal,741797.98422029451,746324.7201047733,754875.92774355854,763427.13538234378,765851.28392713424,767953.87126682256,772063.25895122171,False,True,False,0.026894565041956652,0.041131687775438582,0.058359350995481507,0.041131687775438582
abc,1984,1982,3,5,765428,754875.92774355854,635906,36793814.1157052,7729012.9614258483,9e4415987287f48ce465aa31852ed4f9cb96c924d7f40be634e41bd8dff80318,cell,mack_lognormal,741881.88716656517,746343.98048534093,754846.43930936488,763445.75937692332,765901.3211217355,768037.54990462179,772229.90564071212,False,True,False,0.026893564287146829,0.041131335037028462,0.058065476850901208,0.041131335037028462
abc,1984,1983,2,6,647772,632135.26460917166,453124,5892671.4253870146,1016882.1505201368,9e4415987287f48ce465aa31852ed4f9cb96c924d7f40be634e41bd8dff80318,cell,mack_normal,626983.29745756567,628766.5743572819,632135.26460917166,635503.95486106141,636458.93173882179,637287.23176077765,638906.09716768027,False,False,True,0.014868734615203587,0.022739767267264545,0.28561239725365545,0.94829376477985272
abc,1984,1983,2,6,647772,632135.26460917166,453124,5892671.4253870146,1016882.1505201368,9e4415987287f48ce465aa31852ed4f9cb96c924d7f40be634e41bd8dff80318,cell,mack_lognormal,626998.83634007187,628770.11277264194,632129.799430785,635507.43779212073,636468.230472347,637302.75108784379,638936.93472986773,False,False,True,0.01486861216682144,0.022739724110336073,0.28553540995019344,0.94692373662401541
abc,1984,1984,1,7,569026,536155.65457590343,239784,49985791.523776777,8704443.9726075362,9e4415987287f48ce465aa31852ed4f9cb96c924d7f40be634e41bd8dff80318,cell,mack_normal,521140.45817904599,526337.74536882783,536155.65457590343,545973.56378297904,548756.80462129856,551170.85097276093,555888.96762789995,False,False,True,0.081889610708601082,0.12523935205733053,1.0432730314965171,3.103778208234401
abc,1984,1984,1,7,569026,536155.65457590343,239784,49985791.523776777,8704443.9726075362,9e4415987287f48ce465aa31852ed4f9cb96c924d7f40be634e41bd8dff80318,cell,mack_lognormal,521296.29390517739,526373.85119135189,536100.93049568729,546007.76050682284,548849.3688039456,551326.01370578678,556198.7878410042,False,False,True,0.081881648965197659,0.12523654539339321,1.0418389227272984,3.0778916506903631
abc,1984,-1,-1,6,4748000,4685673.0010899045,3908278,,,9e4415987287f48ce465aa31852ed4f9cb96c924d7f40be634e41bd8dff80318,eligible_diagonal,mack_normal,4664200.8324189149,4671633.1046463987,4685673.0010899045,4699712.8975334102,4703693.0130878696,4707145.169760894,4713892.2141518518,False,False,True,0.007184696914347327,0.010988045717827428,0.13073553558700513,0.42912442433885661
abc,1984,-1,-1,6,4748000,4685673.0010899045,3908278,,,9e4415987287f48ce465aa31852ed4f9cb96c924d7f40be634e41bd8dff80318,eligible_diagonal,mack_lognormal,4664237.2362589575,4671641.3681607144,4685660.1939579323,4699721.0879408782,4703714.8267423129,4707181.5478347437,4713964.4360452155,False,False,True,0.0071846782087056854,0.010988039125104768,0.13071456031822237,0.42875209956559807
abc,1985,1979,7,2,992532,987793.35745400155,958764,34810.016466479741,21934.282851858461,077bbce9f287fc63f7bd59809bd512e6d283717d716bb15b1610f18c8eda67f9,cell,mack_normal,987326.47321873484,987488.07826144819,987793.35745400155,988098.63664655492,988185.17905572604,988260.24168926827,988406.94734853588,False,False,True,0.0006368182212794128,0.00097392942427273555,0.046877221004916245,0.17919331649895359
abc,1985,1979,7,2,992532,987793.35745400155,958764,34810.016466479741,21934.282851858461,077bbce9f287fc63f7bd59809bd512e6d283717d716bb15b1610f18c8eda67f9,cell,mack_lognormal,987326.5548362456,987488.09672066767,987793.32873124455,988098.65508886287,988185.22803682066,988260.32330081984,988407.10921100166,False,False,True,0.0006368182036405179,0.00097392941805724985,0.046877028632245785,0.1791899116276586
abc,1985,1980,6,3,964134,959295.73746813717,918566,4823631.5929743145,1865589.6726318132,077bbce9f287fc63f7bd59809bd512e6d283717d716bb15b1610f18c8eda67f9,cell,mack_normal,954226.57895470154,955981.19287439471,959295.73746813717,962610.28206187964,963549.90939792048,964364.8959815728,965957.74102852715,False,True,True,0.0072167804898994005,0.011037113312349092,0.023804787645839862,0.011037113312349092
abc,1985,1980,6,3,964134,959295.73746813717,918566,4823631.5929743145,1865589.6726318132,077bbce9f287fc63f7bd59809bd512e6d283717d716bb15b1610f18c8eda67f9,cell,mack_lognormal,954236.48977510212,955983.44398814603,959292.25095999415,962612.51022596483,963555.84653899097,964374.79871344916,965977.40442282695,False,True,True,0.007216755505667311,0.01103710450674969,0.02378050567751314,0.01103710450674969
abc,1985,1981,5,4,951194,947938.38790234795,888444,4850044.8767121742,1395905.6621720544,077bbce9f287fc63f7bd59809bd512e6d283717d716bb15b1610f18c8eda67f9,cell,mack_normal,943040.06555778789,944735.54707530793,947938.38790234795,951141.22872938798,952049.18959971576,952836.71024690801,954375.87467907916,False,True,False,0.007210000466073326,0.011026744160712572,0.0078039745444848175,0.011026744160712572
abc,1985,1981,5,4,951194,947938.38790234795,888444,4850044.8767121742,1395905.6621720544,077bbce9f287fc63f7bd59809bd512e6d283717d716bb15b1610f18c8eda67f9,cell,mack_lognormal,943049.43041497271,944737.6739602061,947935.09342769813,951143.33440843446,952054.79992221866,952846.0676301705,954394.45467035752,False,True,False,0.0072099765975439743,0.011026735748339551,0.007780249924456451,0.011026735748339551
abc,1985,1982,4,5,862214,846740.87472631689,765428,5200018.1464641578,1107599.7614105875,077bbce9f287fc63f7bd59809bd512e6d283717d716bb15b1610f18c8eda67f9,cell,mack_normal,841818.43077541469,843522.26162865595,846740.87472631689,849959.48782397783,850871.9199138676,851663.3186772191,853210.06266743434,False,False,True,0.0084099695795318233,0.012861938551770265,0.16851009886696533,0.56422307625673551
abc,1985,1982,4,5,862214,846740.87472631689,765428,5200018.1464641578,1107599.7614105875,077bbce9f287fc63f7bd59809bd512e6d283717d716bb15b1610f18c8eda67f9,cell,mack_lognormal,841829.01889220404,843524.66770931985,846737.15010614204,849961.86693254858,850878.26154388278,851673.89728777949,853231.07083334436,False,False,True,0.0084099343416085253,0.012861926132275599,0.1684789815603073,0.56367024316381942
abc,1985,1983,3,6,790100,770827.89116611937,647772,48731095.614959486,8617409.4212190304,077bbce9f287fc63f7bd59809bd512e6d283717d716bb15b1610f18c8eda67f9,cell,mack_normal,755985.31994261337,761122.85549289745,770827.89116611937,780532.92683934129,783284.16959921445,785670.46238962538,790334.33628403326,False,False,True,0.029964356820677406,0.045826529159969882,0.17765634043001383,0.31935101681146605
abc,1985,1983,3,6,790100,770827.89116611937,647772,48731095.614959486,8617409.4212190304,077bbce9f287fc63f7bd59809bd512e6d283717d716bb15b1610f18c8eda67f9,cell,mack_lognormal,756091.17075815098,761147.19506865297,770790.6945657722,780556.37421825889,783347.25022963062,785775.9987243982,790544.61232838605,False,False,True,0.029962979489088624,0.045826043679330415,0.17729299347149463,0.3128336497877634
abc,1985,1984,2,7,833828,796715.42661451828,569026,49809966.225865372,9205596.3519637398,077bbce9f287fc63f7bd59809bd512e6d283717d716bb15b1610f18c8eda67f9,cell,mack_normal,781658.67220253334,786870.34408192872,796715.42661451828,806560.50914710783,809351.45324563154,811772.18102650321,816503.35615641309,False,False,True,0.034603278347877096,0.052921147406216708,0.51379914730451826,1.6033472420659889
abc,1985,1984,2,7,833828,796715.42661451828,569026,49809966.225865372,9205596.3519637398,077bbce9f287fc63f7bd59809bd512e6d283717d716bb15b1610f18c8eda67f9,cell,mack_lognormal,781764.05795563885,786894.56918907107,796678.39240772719,806583.86241430382,809414.26512050175,811877.25947535993,816712.70155225252,False,False,True,0.034601746185996325,0.052920607353128105,0.51338720740738486,1.5959601538511843
abc,1985,1985,1,8,798048,736247.97485337942,326304,237197514.95850384,47872654.980534896,077bbce9f287fc63f7bd59809bd512e6d283717d716bb15b1610f18c8eda67f9,cell,mack_normal,703155.90149994486,714610.23112557153,736247.97485337942,757885.71858118731,764019.71826708026,769340.04820681398,779738.33127386728,False,False,True,0.13262322084809189,0.20282971311068551,1.3634472811971128,3.7219961092548965
abc,1985,1985,1,8,798048,736247.97485337942,326304,237197514.95850384,47872654.980534896,077bbce9f287fc63f7bd59809bd512e6d283717d716bb15b1610f18c8eda67f9,cell,mack_lognormal,703707.71921377047,714739.94241602672,736054.45460610837,758004.59439014469,764345.40166264225,769888.04492695408,780837.1358581332,False,False,True,0.1325900141405498,0.20281800319083926,1.3597709745288782,3.6548081808222403
abc,1985,-1,-1,7,6192050,6045559.6501848204,5074304,,,077bbce9f287fc63f7bd59809bd512e6d283717d716bb15b1610f18c8eda67f9,eligible_diagonal,mack_normal,6005357.2689376697,6019272.7260207534,6045559.6501848204,6071846.5743488874,6079298.5520871328,6085762.0314319711,6098394.5351651972,False,False,True,0.010360799890612397,0.015845476048400219,0.24724732787772663,0.85369806484110067
abc,1985,-1,-1,7,6192050,6045559.6501848204,5074304,,,077bbce9f287fc63f7bd59809bd512e6d283717d716bb15b1610f18c8eda67f9,eligible_diagonal,mack_lognormal,6005456.1930162869,6019295.2225279016,6045524.8535602344,6071868.7826156188,6079357.7830589963,6085860.8539208742,6098590.8277608678,False,False,True,0.01036074308668088,0.015845456027976889,0.24720350494009213,0.85291904152167863
abc,1986,1979,8,2,1019932,1017404.1500750809,992532,5016959.2330750423,3176422.028449377,0f420ca8b1710c53fb40315457a6fc75b84da6a048762b4642b0b64fbc8bb23d,cell,mack_normal,1011793.9329029571,1013735.8262402081,1017404.1500750809,1021072.4739099537,1022112.3927450189,1023014.3672472048,1024777.2252464703,True,True,False,0.0073918500055873354,0.011304859031494885,0.0073918500055873354,0.011304859031494885
abc,1986,1979,8,2,1019932,1017404.1500750809,992532,5016959.2330750423,3176422.028449377,0f420ca8b1710c53fb40315457a6fc75b84da6a048762b4642b0b64fbc8bb23d,cell,mack_lognormal,1011805.3791666904,1013738.4266399016,1017400.123488095,1021075.0466513375,1022119.24911608,1023025.8037628622,1024799.9354775578,True,True,False,0.0073918221391712693,0.011304849210072649,0.0073918221391712693,0.011304849210072649
abc,1986,1980,7,3,1002134,995167.9124586347,964134,6943551.7211577427,2699035.2497108048,0f420ca8b1710c53fb40315457a6fc75b84da6a048762b4642b0b64fbc8bb23d,cell,mack_normal,989081.73132646712,991188.37251828844,995167.9124586347,999147.45239898097,1000275.5966755357,1001254.0935908023,1003166.5103056368,False,False,True,0.0082551594287646017,0.012625176857506483,0.039231637812672152,0.049130741818299059
abc,1986,1980,7,3,1002134,995167.9124586347,964134,6943551.7211577427,2699035.2497108048,0f420ca8b1710c53fb40315457a6fc75b84da6a048762b4642b0b64fbc8bb23d,cell,mack_lognormal,989095.50376816955,991191.50305415154,995163.06779049616,999150.54602731625,1000283.8445912276,1001267.8530245509,1003193.8373144219,False,False,True,0.0082551211482685006,0.012625163365653936,0.039199512412177395,0.048559876816234603
abc,1986,1981,6,4,1002194,994767.77851658617,951194,9156575.924818106,2644432.0001479946,0f420ca8b1710c53fb40315457a6fc75b84da6a048762b4642b0b64fbc8bb23d,cell,mack_normal,988034.79359261354,990365.3163090318,994767.77851658617,999170.24072414055,1000418.277586856,1001500.7634405588,1003616.4206367073,False,False,True,0.0092567072701349538,0.014156912099892623,0.04104579841094802,0.043309180067991525
abc,1986,1981,6,4,1002194,994767.77851658617,951194,9156575.924818106,2644432.0001479946,0f420ca8b1710c53fb40315457a6fc75b84da6a048762b4642b0b64fbc8bb23d,cell,mack_lognormal,988051.65649784904,990369.15153547935,994761.84703054896,999174.02594115352,1000428.3738362417,1001517.6087200694,1003649.8816361297,False,False,True,0.0092566546947038895,0.014156893569787412,0.041005951461151928,0.042600776938715224
abc,1986,1982,5,5,944614,920658.01836630178,862214,5526954.5183329899,1198749.4762867028,0f420ca8b1710c53fb40315457a6fc75b84da6a048762b4642b0b64fbc8bb23d,cell,mack_normal,915575.05516207637,917334.44737042487,920658.01836630178,923981.5893621787,924923.77555780089,925740.98157052719,927338.16436570755,False,False,True,0.0077093876830506463,0.011790491001596839,0.2470050919724881,0.88735124178842284
abc,1986,1982,5,5,944614,920658.01836630178,862214,5526954.5183329899,1198749.4762867028,0f420ca8b1710c53fb40315457a6fc75b84da6a048762b4642b0b64fbc8bb23d,cell,mack_lognormal,915585.4384218565,917336.80628753814,920654.36572665023,923983.92315881851,924929.995168339,925751.35597668425,927358.76553103793,False,False,True,0.007709358548203071,0.011790480733121656,0.24697799535045278,0.88686994004673747
abc,1986,1983,4,6,895700,876838.44317504019,790100,45041820.691843897,8164152.9086088231,0f420ca8b1710c53fb40315457a6fc75b84da6a048762b4642b0b64fbc8bb23d,cell,mack_normal,862541.99058703508,867490.49528395094,876838.44317504019,886186.39106612944,888836.40440157684,891134.89576304529,895627.16674519435,False,False,True,0.023662695585594862,0.036188969973434015,0.14407288333234292,0.26730423320364322
abc,1986,1983,4,6,895700,876838.44317504019,790100,45041820.691843897,8164152.9086088231,0f420ca8b1710c53fb40315457a6fc75b84da6a048762b4642b0b64fbc8bb23d,cell,mack_lognormal,862628.30418488837,867510.29139432323,876808.10508215264,886205.57100492506,888887.8988863125,891220.99217947619,895798.58558777836,False,False,True,0.023661915720290895,0.03618869509503584,0.14382935015991799,0.26294519784272902
abc,1986,1984,3,7,1024228,995956.23619776487,833828,119982093.81717432,23207340.034040913,0f420ca8b1710c53fb40315457a6fc75b84da6a048762b4642b0b64fbc8bb23d,cell,mack_normal,972502.95681730402,980620.96108849405,995956.23619776487,1011291.5113070357,1015638.8487136832,1019409.5155782257,1026779.070070749,False,False,True,0.036782825976750172,0.056254477855051284,0.19192859576337656,0.28740451943553452
abc,1986,1984,3,7,1024228,995956.23619776487,833828,119982093.81717432,23207340.034040913,0f420ca8b1710c53fb40315457a6fc75b84da6a048762b4642b0b64fbc8bb23d,cell,mack_lognormal,972707.56852896011,980668.18573453592,995884.35857504467,1011336.6274970622,1015760.5887309131,1019613.3840660045,1027185.6968241336,False,False,True,0.036780297330536137,0.056253586515497715,0.19138499401783612,0.27762374602059764
abc,1986,1985,2,8,1173448,1125497.0483967355,798048,292789246.38131714,64052694.100689754,0f420ca8b1710c53fb40315457a6fc75b84da6a048762b4642b0b64fbc8bb23d,cell,mack_normal,1088472.8182243442,1101288.2055226932,1125497.0483967355,1149705.8912707777,1156568.7618386718,1162521.2785691267,1174155.1348573216,False,False,True,0.060670142332396607,0.092786975651568029,0.35817240697339969,0.64045936783215196
abc,1986,1985,2,8,1173448,1125497.0483967355,798048,292789246.38131714,64052694.100689754,0f420ca8b1710c53fb40315457a6fc75b84da6a048762b4642b0b64fbc8bb23d,cell,mack_lognormal,1088924.3261349134,1101393.2563951721,1125338.5555038191,1149804.4473672092,1156836.4579322485,1162970.4967639062,1175053.19134149,False,False,True,0.060662004004818193,0.092784106506115974,0.3569293041270008,0.61794065027760803
abc,1986,1986,1,9,1011178,962795.09991961147,420778,779881961.1632117,168886619.08592412,0f420ca8b1710c53fb40315457a6fc75b84da6a048762b4642b0b64fbc8bb23d,cell,mack_normal,902424.11821982882,923320.63675544423,962795.09991961147,1002269.5630837787,1013460.0248849605,1023166.081619394,1042136.0189226752,False,True,False,0.18762607913991342,0.28694932577170196,0.39933954600893418,0.28694932577170196
abc,1986,1986,1,9,1011178,962795.09991961147,420778,779881961.1632117,168886619.08592412,0f420ca8b1710c53fb40315457a6fc75b84da6a048762b4642b0b64fbc8bb23d,cell,mack_lognormal,903829.99607603427,923656.03790348559,962302.76209269848,1002566.5052037464,1014284.1931042033,1024558.3903516908,1044940.1668722732,False,True,False,0.18753467933271414,0.28691707806885475,0.39219116793843078,0.28691707806885475
abc,1986,-1,-1,8,8073428,7889084.6871057563,6612828,,,0f420ca8b1710c53fb40315457a6fc75b84da6a048762b4642b0b64fbc8bb23d,eligible_diagonal,mack_normal,7812210.8966439441,7838819.6172918323,7889084.6871057563,7939349.7569196802,7953599.2057683496,7965958.4775675684,7990113.9732091343,False,False,True,0.015202291610767409,0.023249898670224652,0.21795706321577488,0.67331684390110969
abc,1986,-1,-1,8,8073428,7889084.6871057563,6612828,,,0f420ca8b1710c53fb40315457a6fc75b84da6a048762b4642b0b64fbc8bb23d,eligible_diagonal,mack_lognormal,7812488.1424243795,7838882.8387958612,7888987.1890973477,7939411.7949723331,7953765.0157827362,7966235.3062373921,7990664.257771438,False,False,True,0.015202112647791822,0.023249835594243894,0.21786306954500262,0.67164228592023378
ukmotor,2010,2009,2,2,10233,10896.753136045463,8287,50442.346285353196,28970.526278101181,5db768fbda42dbb54f737067d16fd309230a9b84af9373e942ccd85007b2b346,cell,mack_normal,10344.429607861537,10535.60819266155,10896.753136045463,11257.898079429377,11360.277652694764,11449.076664229389,11622.629295075772,False,False,False,0.087159392635190874,0.13329878802556441,0.45231951410441951,0.67115136609500847
ukmotor,2010,2009,2,2,10233,10896.753136045463,8287,50442.346285353196,28970.526278101181,5db768fbda42dbb54f737067d16fd309230a9b84af9373e942ccd85007b2b346,cell,mack_lognormal,10354.819555488959,10538.062285207499,10893.111085049863,11260.122202712881,11366.396479492405,11459.385504051214,11643.329383131437,False,False,False,0.087131642030334411,0.13328900067120245,0.45525313980697174,0.72129216460970336
ukmotor,2010,2010,1,3,7750,8221.5572596275379,4295,2269.9821776487911,821.57019069702176,5db768fbda42dbb54f737067d16fd309230a9b84af9373e942ccd85007b2b346,cell,mack_normal,8112.5798715370729,8150.3007756217512,8221.5572596275379,8292.8137436333254,8313.0139667253297,8330.5346477180028,8364.7778248429313,False,False,False,0.033181133413637771,0.05074616441930848,0.96519690901724942,3.4275086467203368
ukmotor,2010,2010,1,3,7750,8221.5572596275379,4295,2269.9821776487911,821.57019069702176,5db768fbda42dbb54f737067d16fd309230a9b84af9373e942ccd85007b2b346,cell,mack_lognormal,8113.1146395130327,8150.4230980645352,8221.3692510650708,8292.9329617758049,8313.3333719287639,8331.0683215509471,8365.8395815902586,False,False,False,0.033180410642903294,0.050745909671225706,0.96548098820875949,3.4324887689311341
ukmotor,2010,-1,-1,2,17983,19118.310395673001,12582,,,5db768fbda42dbb54f737067d16fd309230a9b84af9373e942ccd85007b2b346,eligible_diagonal,mack_normal,18555.338503923012,18750.202861595473,19118.310395673001,19486.417929750529,19590.77130073091,19681.28228742299,19858.180876601393,False,False,False,0.058513357825071978,0.089488458392940479,0.66827560674851283,1.9090354427293337
ukmotor,2010,-1,-1,2,17983,19118.310395673001,12582,,,5db768fbda42dbb54f737067d16fd309230a9b84af9373e942ccd85007b2b346,eligible_diagonal,mack_lognormal,18561.482655969427,18751.628176904971,19116.153027725388,19487.764109437969,19594.418861143076,19687.398542049767,19870.397809859533,False,False,False,0.058507068235018098,0.089486241144519155,0.66940213810067617,1.9285663745714037
ukmotor,2011,2009,3,2,11755,11792.786855004479,10233,252099.86116809252,135968.89681827286,260653909313d97be2fcc3599535d1e2cec68849f1120bf5b8ea4f3f06901b9d,cell,mack_normal,10571.824057290094,10994.442192946935,11792.786855004479,12591.131517062022,12817.451135590538,13013.749652718863,13397.403969248951,True,True,False,0.15603335523454379,0.23863242406222704,0.15603335523454379,0.23863242406222704
ukmotor,2011,2009,3,2,11755,11792.786855004479,10233,252099.86116809252,135968.89681827286,260653909313d97be2fcc3599535d1e2cec68849f1120bf5b8ea4f3f06901b9d,cell,mack_lognormal,10618.86546432409,11006.040078042719,11776.36756077722,12600.611295537728,12844.597826853575,13060.042373872702,13491.605425347492,True,True,False,0.15582636738932956,0.23855926019237883,0.15582636738932956,0.23855926019237883
ukmotor,2011,2010,2,3,9773,9964.1882373657318,7750,154442.31338814655,52690.963583295284,260653909313d97be2fcc3599535d1e2cec68849f1120bf5b8ea4f3f06901b9d,cell,mack_normal,9072.1714472315853,9380.9298086876406,9964.1882373657318,10547.446666043823,10712.792326077126,10856.205027499878,11136.49701722546,True,True,False,0.15051830417499126,0.23019788132494104,0.15051830417499126,0.23019788132494104
ukmotor,2011,2010,2,3,9773,9964.1882373657318,7750,154442.31338814655,52690.963583295284,260653909313d97be2fcc3599535d1e2cec68849f1120bf5b8ea4f3f06901b9d,cell,mack_lognormal,9101.8693546631985,9388.1708638899927,9953.8105861277909,10553.530247899273,10730.023766366272,10885.494102785429,11195.885770975538,True,True,False,0.15036895277539095,0.23014512878996526,0.15036895277539095,0.23014512878996526
ukmotor,2011,2011,1,4,7897,7822.9117683455024,4150,54049.230036293709,13878.499235900192,260653909313d97be2fcc3599535d1e2cec68849f1120bf5b8ea4f3f06901b9d,cell,mack_normal,7312.087361349917,7488.9016417986049,7822.9117683455024,8156.9218948923999,8251.609124628405,8333.7361753410878,8494.2488372335301,True,True,False,0.1609687356852518,0.24618043710630622,0.1609687356852518,0.24618043710630622
ukmotor,2011,2011,1,4,7897,7822.9117683455024,4150,54049.230036293709,13878.499235900192,260653909313d97be2fcc3599535d1e2cec68849f1120bf5b8ea4f3f06901b9d,cell,mack_lognormal,7324.4771005140819,7491.8637964756708,7818.5737906613813,8159.531163496853,8258.8651720534308,8346.0013979327687,8518.9673915273033,True,True,False,0.16088370289667039,0.24615043311293655,0.16088370289667039,0.24615043311293655
ukmotor,2011,-1,-1,3,29425,29579.886860715713,22133,,,260653909313d97be2fcc3599535d1e2cec68849f1120bf5b8ea4f3f06901b9d,eligible_diagonal,mack_normal,27983.833703058939,28536.283795036197,29579.886860715713,30623.489926395228,30919.336894434146,31175.940018372487,31677.456268083592,True,True,False,0.094302902062939106,0.14422384291842713,0.094302902062939106,0.14422384291842713
ukmotor,2011,-1,-1,3,29425,29579.886860715713,22133,,,260653909313d97be2fcc3599535d1e2cec68849f1120bf5b8ea4f3f06901b9d,eligible_diagonal,mack_lognormal,28015.800989118117,28543.855098089167,29568.684095281282,30630.308208966126,30938.139627720284,31207.64169713149,31741.164942503245,True,True,False,0.094268879540819542,0.14421184240786938,0.094268879540819542,0.14421184240786938
ukmotor,2012,2009,4,2,12993,12838.298650811799,11755,11326.361240337415,6089.2465758136896,ce4ac98e6b9e4f5cf8cc463783edd6b81746a43e203d41d2aeee152eb9eb6057,cell,mack_normal,12579.645716818961,12669.174587764786,12838.298650811799,13007.422713858812,13055.367035718677,13096.951584804638,13178.226227074891,True,True,False,0.028774829952703172,0.044007304805246852,0.028774829952703172,0.044007304805246852
ukmotor,2012,2009,4,2,12993,12838.298650811799,11755,11326.361240337415,6089.2465758136896,ce4ac98e6b9e4f5cf8cc463783edd6b81746a43e203d41d2aeee152eb9eb6057,cell,mack_lognormal,12581.575853063599,12669.618752226594,12837.620436810483,13007.849857411929,13056.516895083203,13098.875721476852,13182.060815562516,True,True,False,0.028773381980887771,0.044006794420523403,0.028773381980887771,0.044006794420523403
ukmotor,2012,2010,3,3,11093,11250.026022050264,9773,120826.59328721165,40431.359864271704,ce4ac98e6b9e4f5cf8cc463783edd6b81746a43e203d41d2aeee152eb9eb6057,cell,mack_normal,10462.96453363856,10735.394176460211,11250.026022050264,11764.657867640317,11910.548844948777,12037.087510461968,12284.400154196082,True,True,False,0.10531706652820071,0.16106855385484581,0.10531706652820071,0.16106855385484581
ukmotor,2012,2010,3,3,11093,11250.026022050264,9773,120826.59328721165,40431.359864271704,ce4ac98e6b9e4f5cf8cc463783edd6b81746a43e203d41d2aeee152eb9eb6057,cell,mack_lognormal,10483.422414050823,10740.304018504581,11242.865860000396,11768.943647049753,11922.508648752942,12057.325151426418,12325.233553413198,True,True,False,0.10525321073827607,0.16104601835419977,0.10525321073827607,0.16104601835419977
ukmotor,2012,2011,2,4,10217,10103.629061905074,7897,114171.65387809351,29594.090155429149,ce4ac98e6b9e4f5cf8cc463783edd6b81746a43e203d41d2aeee152eb9eb6057,cell,mack_normal,9360.4802305588692,9617.710159437147,10103.629061905074,10589.547964373001,10727.299221278645,10846.777893251279,11080.292180094404,True,True,False,0.12306417689449846,0.18821041695484489,0.12306417689449846,0.18821041695484489
ukmotor,2012,2011,2,4,10217,10103.629061905074,7897,114171.65387809351,29594.090155429149,ce4ac98e6b9e4f5cf8cc463783edd6b81746a43e203d41d2aeee152eb9eb6057,cell,mack_lognormal,9380.7922565555982,9622.5993120248331,10096.52200807979,10593.785873662122,10739.157423706281,10866.860055279529,11120.84846830779,True,True,False,0.12298170971727097,0.18818130919639489,0.12298170971727097,0.18818130919639489
ukmotor,2012,2012,1,5,9650,9636.0784757778656,5102,51178.367970548832,12855.062691302684,ce4ac98e6b9e4f5cf8cc463783edd6b81746a43e203d41d2aeee152eb9eb6057,cell,mack_normal,9140.1129658527552,9311.7840598017428,9636.0784757778656,9960.3728917539884,10052.305852544994,10132.043985702976,10287.887643748098,True,True,False,0.12712442805806459,0.19442003525092527,0.12712442805806459,0.19442003525092527
ukmotor,2012,2012,1,5,9650,9636.0784757778656,5102,51178.367970548832,12855.062691302684,ce4ac98e6b9e4f5cf8cc463783edd6b81746a43e203d41d2aeee152eb9eb6057,cell,mack_lognormal,9149.5872476619752,9314.0233400364905,9632.757605619021,9962.3992447765959,10057.883769445363,10141.443168632777,10306.76482524813,True,True,False,0.12708269399061259,0.1944053157528032,0.12708269399061259,0.1944053157528032
ukmotor,2012,-1,-1,4,43953,43828.03221054501,34527,,,ce4ac98e6b9e4f5cf8cc463783edd6b81746a43e203d41d2aeee152eb9eb6057,eligible_diagonal,mack_normal,42609.582745294007,43031.330928252908,43828.03221054501,44624.733492837113,44850.58723603723,45046.481675796014,45429.346246028952,True,True,False,0.046149464609847507,0.070579515466215076,0.046149464609847507,0.070579515466215076
ukmotor,2012,-1,-1,4,43953,43828.03221054501,34527,,,ce4ac98e6b9e4f5cf8cc463783edd6b81746a43e203d41d2aeee152eb9eb6057,eligible_diagonal,mack_lognormal,42622.135901934504,43034.238876055955,43823.62390826716,44627.488776658894,44858.044204254678,45058.981015685757,45454.302966200921,True,True,False,0.046145043027281236,0.070577956780237289,0.046145043027281236,0.070577956780237289
usaa_paid,2005,2002,4,2,1039004,1060330.0023918154,990678,93745725.498826861,55533062.567330673,62f7fbd81fd85edbb738f65be24867e3e1b7383e5b0a92afe0e8d92c875fd523,cell,mack_normal,1036383.2214565985,1044672.0439602564,1060330.0023918154,1075987.9608233743,1080426.7744681388,1084276.7833270323,1091801.4072467741,False,True,False,0.031610590790466679,0.048344226752218035,0.088824377310974714,0.048344226752218035
usaa_paid,2005,2002,4,2,1039004,1060330.0023918154,990678,93745725.498826861,55533062.567330673,62f7fbd81fd85edbb738f65be24867e3e1b7383e5b0a92afe0e8d92c875fd523,cell,mack_lognormal,1036583.5707474671,1044718.2462042337,1060259.6167929848,1076032.182922404,1080546.0215532845,1084476.4346316974,1092199.528206211,False,True,False,0.031608592012914688,0.048343522198161522,0.089288748473780155,0.048343522198161522
usaa_paid,2005,2003,3,3,1063478,1072397.183145392,950130,76806981.044092163,30929818.057198361,62f7fbd81fd85edbb738f65be24867e3e1b7383e5b0a92afe0e8d92c875fd523,cell,mack_normal,1052053.4746039042,1059095.147120253,1072397.183145392,1085699.219170531,1089470.161549106,1092740.8916868798,1099133.3482062614,True,True,False,0.028000454727540522,0.042823000097855682,0.028000454727540522,0.042823000097855682
usaa_paid,2005,2003,3,3,1063478,1072397.183145392,950130,76806981.044092163,30929818.057198361,62f7fbd81fd85edbb738f65be24867e3e1b7383e5b0a92afe0e8d92c875fd523,cell,mack_lognormal,1052196.4065102593,1059128.0050463134,1072346.9549129352,1085730.8901587969,1089555.3493419446,1092883.4052236732,1099417.2796745133,True,True,False,0.027999205490283983,0.042822559769098913,0.027999205490283983,0.042822559769098913
usaa_paid,2005,2004,2,4,1061020,1110601.955493042,855543,146600495.73331767,49195359.509756587,62f7fbd81fd85edbb738f65be24867e3e1b7383e5b0a92afe0e8d92c875fd523,cell,mack_normal,1083176.7533027416,1092669.5796536948,1110601.955493042,1128534.3313323893,1133617.9107087594,1138027.1576833425,1146644.7807769501,False,False,False,0.041920454820733158,0.06411180312456638,0.41185603554192146,1.100027159932655
usaa_paid,2005,2004,2,4,1061020,1110601.955493042,855543,146600495.73331767,49195359.509756587,62f7fbd81fd85edbb738f65be24867e3e1b7383e5b0a92afe0e8d92c875fd523,cell,mack_lognormal,1083427.675520926,1092727.5502767961,1110513.8174581372,1128589.5907475341,1133767.1404144752,1138277.1241951953,1147143.4930426595,False,False,False,0.041917285829862393,0.064110686048824264,0.41253045520645831,1.1117576434046095
usaa_paid,2005,2005,1,5,955067,982393.1117353905,484849,375589235.38113046,108362058.76490583,62f7fbd81fd85edbb738f65be24867e3e1b7383e5b0a92afe0e8d92c875fd523,cell,mack_normal,939276.07371463091,954200.39594417787,982393.1117353905,1010585.8275266031,1018578.0707097739,1025510.1497561501,1039058.5050243227,True,True,False,0.11629482907549619,0.17785759286194089,0.11629482907549619,0.17785759286194089
usaa_paid,2005,2005,1,5,955067,982393.1117353905,484849,375589235.38113046,108362058.76490583,62f7fbd81fd85edbb738f65be24867e3e1b7383e5b0a92afe0e8d92c875fd523,cell,mack_lognormal,939978.10404262785,954365.26930748462,982146.89188972395,1010737.2389489783,1018992.5756036147,1026207.4330243123,1040456.2816090781,True,True,False,0.11626706385182528,0.17784780206143438,0.11626706385182528,0.17784780206143438
usaa_paid,2005,-1,-1,4,4118569,4225722.2527656397,3281200,,,62f7fbd81fd85edbb738f65be24867e3e1b7383e5b0a92afe0e8d92c875fd523,eligible_diagonal,mack_normal,4165734.4583634217,4186498.3423080347,4225722.2527656397,4264946.1632232452,4276065.5968135977,4285710.0471678572,4304559.5782957617,False,False,False,0.023908271643060627,0.036564546143007269,0.23093418383382819,0.61154270490713902
usaa_paid,2005,-1,-1,4,4118569,4225722.2527656397,3281200,,,62f7fbd81fd85edbb738f65be24867e3e1b7383e5b0a92afe0e8d92c875fd523,eligible_diagonal,mack_lognormal,4166049.7417968865,4186570.5195390945,4225611.4165789112,4265016.380492691,4276253.842516263,4286024.6397875538,4305185.6119349729,False,False,False,0.023907674312323667,0.03656433560607926,0.23115355855922887,0.61538600812694422
usaa_paid,2006,2002,5,2,1061058,1067315.6182552585,1039004,15760714.491428679,9148549.0653104074,0ab27681ee4463c6c7ba0b24b8b8e628b566ff5018557231ab2ef73a0d671df9,cell,mack_normal,1057533.5985145797,1060919.4993409629,1067315.6182552585,1073711.7371695542,1075524.9480063571,1077097.6379959374,1080171.3713684196,True,True,False,0.012312019808000136,0.018829609396458214,0.012312019808000136,0.018829609396458214
usaa_paid,2006,2002,5,2,1061058,1067315.6182552585,1039004,15760714.491428679,9148549.0653104074,0ab27681ee4463c6c7ba0b24b8b8e628b566ff5018557231ab2ef73a0d671df9,cell,mack_lognormal,1057566.7788343204,1060927.0617234106,1067303.9493287322,1073719.1663319909,1075544.7961647578,1077130.7713620681,1080237.2250959331,True,True,False,0.012311891589041271,0.018829564205477323,0.012311891589041271,0.018829564205477323
usaa_paid,2006,2003,4,3,1112208,1129731.9244760138,1063478,203615947.46162289,81313247.292047232,0ab27681ee4463c6c7ba0b24b8b8e628b566ff5018557231ab2ef73a0d671df9,cell,mack_normal,1096648.0346131248,1108099.5316450607,1129731.9244760138,1151364.3173069668,1157496.8000879532,1162815.8143389027,1173211.5259668604,True,True,False,0.040682351362140073,0.062218287285470804,0.040682351362140073,0.062218287285470804
usaa_paid,2006,2003,4,3,1112208,1129731.9244760138,1063478,203615947.46162289,81313247.292047232,0ab27681ee4463c6c7ba0b24b8b8e628b566ff5018557231ab2ef73a0d671df9,cell,mack_lognormal,1097007.1144738377,1108182.8190891824,1129605.8408050956,1151443.0052522756,1157709.9857795173,1163173.2727576748,1173925.5039575289,True,True,False,0.040678026403078577,0.062216762625872037,0.040678026403078577,0.062216762625872037
usaa_paid,2006,2004,3,4,1157675,1194697.6018898003,1061020,78291634.119403407,25099738.343563125,0ab27681ee4463c6c7ba0b24b8b8e628b566ff5018557231ab2ef73a0d671df9,cell,mack_normal,1174768.3846514958,1181666.5871603021,1194697.6018898003,1207728.6166192985,1211422.7282264568,1214626.8191281047,1220889.0330406453,False,False,False,0.024563183972965988,0.037566148118422724,0.25068132651789532,0.68197943538900541
usaa_paid,2006,2004,3,4,1157675,1194697.6018898003,1061020,78291634.119403407,25099738.343563125,0ab27681ee4463c6c7ba0b24b8b8e628b566ff5018557231ab2ef73a0d671df9,cell,mack_lognormal,1174891.4898592741,1181694.8307634182,1194654.3333022022,1207755.9611187484,1211496.162143749,1214749.6074285768,1221133.528381329,False,False,False,0.024562336577378545,0.037565849436676665,0.25094667206038762,0.68662015036499557
usaa_paid,2006,2005,2,5,1171931,1225889.4802139893,955067,636442724.92072093,178513871.22407606,0ab27681ee4463c6c7ba0b24b8b8e628b566ff5018557231ab2ef73a0d671df9,cell,mack_normal,1169937.5168459064,1189304.4578282398,1225889.4802139893,1262474.5025997388,1272845.8480896186,1281841.4435820722,1299422.8246894104,False,True,False,0.076612473021786948,0.11716866642462337,0.25852073525092661,0.11716866642462337
usaa_paid,2006,2005,2,5,1171931,1225889.4802139893,955067,636442724.92072093,178513871.22407606,0ab27681ee4463c6c7ba0b24b8b8e628b566ff5018557231ab2ef73a0d671df9,cell,mack_lognormal,1170884.9961911046,1189527.3046276162,1225557.221351462,1262678.4580425562,1273404.9042191883,1282782.2610185456,1301309.6115090488,False,True,False,0.076592692884310726,0.11716169109333791,0.26083426575423702,0.11716169109333791
usaa_paid,2006,2006,1,6,1016328,1090065.0212800249,541361,464906008.67593753,116230796.19076249,0ab27681ee4463c6c7ba0b24b8b8e628b566ff5018557231ab2ef73a0d671df9,cell,mack_normal,1042816.6022050423,1059170.9406169758,1090065.0212800249,1120959.101943074,1129717.1445313846,1137313.4403550075,1152159.9696360577,False,False,False,0.11413485885776452,0.17455420347968412,0.90552804412555754,2.1317400521124643
usaa_paid,2006,2006,1,6,1016328,1090065.0212800249,541361,464906008.67593753,116230796.19076249,0ab27681ee4463c6c7ba0b24b8b8e628b566ff5018557231ab2ef73a0d671df9,cell,mack_lognormal,1043576.3173204175,1059349.2792063246,1089798.5584008924,1121123.0528069753,1130165.8012410915,1138068.082018391,1153672.5223793355,False,False,False,0.11410828190551354,0.1745448318182756,0.90879573087809562,2.1878643964280275
usaa_paid,2006,-1,-1,5,5519200,5707699.646115087,4659930,,,0ab27681ee4463c6c7ba0b24b8b8e628b566ff5018557231ab2ef73a0d671df9,eligible_diagonal,mack_normal,5624330.3430819754,5653187.3889189325,5707699.646115087,5762211.9033112414,5777665.3707672218,5791068.9491481986,5817265.4827646473,False,False,False,0.02339616998373557,0.035781354240562245,0.31092707478044396,0.93820128829086225
usaa_paid,2006,-1,-1,5,5519200,5707699.646115087,4659930,,,0ab27681ee4463c6c7ba0b24b8b8e628b566ff5018557231ab2ef73a0d671df9,eligible_diagonal,mack_lognormal,5624781.2017548764,5653290.6402697386,5707541.1542547802,5762312.2709215023,5777934.5228196206,5791518.7914062487,5818160.7507548435,False,False,False,0.023395551145996535,0.035781136122510916,0.31114802869338165,0.9420711598342526
usaa_paid,2007,2002,6,2,1070862,1071089.6481821088,1061058,2831280.430839621,1633824.7346452358,fe509e6cec688175210f08de7e2abd693f24e10e9d1234e9f0e39c8c72c5b782,cell,mack_normal,1066948.0883765188,1068381.627782491,1071089.6481821088,1073797.6685817265,1074565.3547365125,1075231.2079876987,1076532.5803960608,True,True,False,0.0051043777053049501,0.0078064720412832495,0.0051043777053049501,0.0078064720412832495
usaa_paid,2007,2002,6,2,1070862,1071089.6481821088,1061058,2831280.430839621,1633824.7346452358,fe509e6cec688175210f08de7e2abd693f24e10e9d1234e9f0e39c8c72c5b782,cell,mack_lognormal,1066954.0127966006,1068382.9717460889,1071087.5638131031,1073799.0025057585,1074568.9056720932,1075237.1288693873,1076544.3331538592,True,True,False,0.0051043682434604026,0.0078064687065049591,0.0051043682434604026,0.0078064687065049591
usaa_paid,2007,2003,5,3,1131215,1140054.1467468189,1112208,21696442.96610355,8529992.8660713825,fe509e6cec688175210f08de7e2abd693f24e10e9d1234e9f0e39c8c72c5b782,cell,mack_normal,1129278.5442789448,1133008.3590071881,1140054.1467468189,1147099.9344864497,1149097.3174079519,1150829.749214693,1154215.6889073283,False,True,False,0.012669910195989937,0.019376955511692176,0.028794223338748478,0.019376955511692176
usaa_paid,2007,2003,5,3,1131215,1140054.1467468189,1112208,21696442.96610355,8529992.8660713825,fe509e6cec688175210f08de7e2abd693f24e10e9d1234e9f0e39c8c72c5b782,cell,mack_lognormal,1129316.239233555,1133016.9525278099,1140040.8903989878,1147108.3719286327,1149119.8637671757,1150867.3891591192,1154290.5048583664,False,True,False,0.012669769863930881,0.019376906051353868,0.028871348415873396,0.019376906051353868
usaa_paid,2007,2004,4,4,1204510,1224353.3839157436,1157675,227397003.72891805,70642691.42141372,fe509e6cec688175210f08de7e2abd693f24e10e9d1234e9f0e39c8c72c5b782,cell,mack_normal,1190516.906323473,1202228.9004186322,1224353.3839157436,1246477.8674128549,1252749.8510599954,1258189.8615080141,1268822.0533395337,True,True,False,0.038222270494070197,0.058455918271139287,0.038222270494070197,0.058455918271139287
usaa_paid,2007,2004,4,4,1204510,1224353.3839157436,1157675,227397003.72891805,70642691.42141372,fe509e6cec688175210f08de7e2abd693f24e10e9d1234e9f0e39c8c72c5b782,cell,mack_lognormal,1190863.4424754165,1202309.1643907926,1224231.6889605995,1246553.9419012344,1252955.7171154974,1258534.9207965641,1269510.9856495303,True,True,False,0.038218651616767955,0.058454642556112567,0.038218651616767955,0.058454642556112567
usaa_paid,2007,2005,3,5,1270740,1309654.9658742922,1171931,351461505.46378303,94241270.157452181,fe509e6cec688175210f08de7e2abd693f24e10e9d1234e9f0e39c8c72c5b782,cell,mack_normal,1268276.8453415995,1282599.2671133736,1309654.9658742922,1336710.6646352108,1344380.5792893809,1351033.0864069848,1364035.0341993233,False,True,False,0.046172852771909904,0.070615284573396636,0.14736709640377574,0.070615284573396636
usaa_paid,2007,2005,3,5,1270740,1309654.9658742922,1171931,351461505.46378303,94241270.157452181,fe509e6cec688175210f08de7e2abd693f24e10e9d1234e9f0e39c8c72c5b782,cell,mack_lognormal,1268761.4470107856,1282711.8921543676,1309484.8386490408,1336816.5939209545,1344668.0372877899,1351515.3275595449,1364998.7989837795,False,True,False,0.046167139333789159,0.070613270362128291,0.14832240405814273,0.070613270362128291
usaa_paid,2007,2006,2,6,1214955,1291944.3008739022,1016328,1025733754.9061656,239095932.37591013,fe509e6cec688175210f08de7e2abd693f24e10e9d1234e9f0e39c8c72c5b782,cell,mack_normal,1222239.2712211898,1246366.6318032485,1291944.3008739022,1337521.9699445558,1350442.6058149138,1361649.3305266146,1383552.2382648212,False,False,False,0.089690865686380017,0.13717034196187136,0.39876069160132621,0.42386012011182922
usaa_paid,2007,2006,2,6,1214955,1291944.3008739022,1016328,1025733754.9061656,239095932.37591013,fe509e6cec688175210f08de7e2abd693f24e10e9d1234e9f0e39c8c72c5b782,cell,mack_lognormal,1223635.2921135046,1246697.2718141803,1291455.0726266464,1337819.7276280634,1351263.727954807,1363033.7530820302,1386334.4140330935,False,False,False,0.089658511635892252,0.13715892996013651,0.4019816180954241,0.47879242282876183
usaa_paid,2007,2007,1,7,986025,1086720.6548703692,547102,1124165828.483798,227224181.65685207,fe509e6cec688175210f08de7e2abd693f24e10e9d1234e9f0e39c8c72c5b782,cell,mack_normal,1014669.9152860129,1039609.2085166002,1086720.6548703692,1133832.1012241382,1147187.5416421054,1158771.3944547256,1181411.3776732723,False,False,False,0.17222180271236073,0.26339051798149637,1.1516407870443535,2.3576921499267587
usaa_paid,2007,2007,1,7,986025,1086720.6548703692,547102,1124165828.483798,227224181.65685207,fe509e6cec688175210f08de7e2abd693f24e10e9d1234e9f0e39c8c72c5b782,cell,mack_lognormal,1016444.3911680541,1040033.8023712564,1086099.4136622327,1134205.3822365713,1148226.3648357841,1160527.7638473525,1184951.9432641952,False,False,False,0.17212801244615242,0.26335742270965634,1.1593077773027314,2.4873954388787856
usaa_paid,2007,-1,-1,6,6878307,7123817.1004632348,6066302,,,fe509e6cec688175210f08de7e2abd693f24e10e9d1234e9f0e39c8c72c5b782,eligible_diagonal,mack_normal,7009622.4314353969,7049149.219816532,7123817.1004632348,7198484.9811099377,7219652.2877475778,7238011.7694910727,7273894.3351018094,False,False,False,0.02461726456965144,0.037648857253673798,0.30624224765907226,0.90351693593091009
usaa_paid,2007,-1,-1,6,6878307,7123817.1004632348,6066302,,,fe509e6cec688175210f08de7e2abd693f24e10e9d1234e9f0e39c8c72c5b782,eligible_diagonal,mack_lognormal,7010300.2486280352,7049304.6405580379,7123578.8515465325,7198635.6444632104,7220056.7133860625,7238687.9098555353,7275240.4468768453,False,False,False,0.024616480337637733,0.03764858083680965,0.30649766686286828,0.90798605251583375
usaa_paid,2008,2002,7,2,1075537,1074890.7684477412,1070862,879483.80216778256,507408.93490949663,4b1cf4e53cb87e5951c642eb9a679455bc4a212aaab5eb93b903531a902935b2,cell,mack_normal,1072582.5892219872,1073381.5311741713,1074890.7684477412,1076400.0057213111,1076827.8535172029,1077198.9476734952,1077924.2301513425,True,True,False,0.0028187334569158627,0.0043108808151825218,0.0028187334569158627,0.0043108808151825218
usaa_paid,2008,2002,7,2,1075537,1074890.7684477412,1070862,879483.80216778256,507408.93490949663,4b1cf4e53cb87e5951c642eb9a679455bc4a212aaab5eb93b903531a902935b2,cell,mack_lognormal,1072584.4226404917,1073381.9464527401,1074890.1233163811,1076400.4192742177,1076828.9531213075,1077200.7804838014,1077927.8666970325,True,True,False,0.0028187318454456016,0.0043108802472304007,0.0028187318454456016,0.0043108802472304007
usaa_paid,2008,2003,6,3,1138375,1141821.1329506838,1131215,1526758.9732887244,595593.96256987751,4b1cf4e53cb87e5951c642eb9a679455bc4a212aaab5eb93b903531a902935b2,cell,mack_normal,1138965.7990987359,1139954.1304970775,1141821.1329506838,1143688.1354042902,1144217.404657501,1144676.4668026317,1145573.6777246066,False,False,False,0.0033008799452028887,0.0050482602369097207,0.017260476459371107,0.02593904045944595
usaa_paid,2008,2003,6,3,1138375,1141821.1329506838,1131215,1526758.9732887244,595593.96256987751,4b1cf4e53cb87e5951c642eb9a679455bc4a212aaab5eb93b903531a902935b2,cell,mack_lognormal,1138968.4403780487,1139954.7289482991,1141820.2035799264,1143688.7309605032,1144218.9885729691,1144679.1070616145,1145578.9168093386,False,False,False,0.0033008773860001379,0.0050482593349326392,0.017265764240391872,0.026032435748742217
usaa_paid,2008,2004,5,4,1226650,1231965.6478140203,1204510,35910041.789836764,10974936.944047537,4b1cf4e53cb87e5951c642eb9a679455bc4a212aaab5eb93b903531a902935b2,cell,mack_normal,1218545.2635007699,1223190.5301779213,1231965.6478140203,1240740.7654501193,1243228.3893678722,1245386.0321272707,1249603.0225064284,True,True,False,0.014570435506718901,0.022283558149372652,0.014570435506718901,0.022283558149372652
usaa_paid,2008,2004,5,4,1226650,1231965.6478140203,1204510,35910041.789836764,10974936.944047537,4b1cf4e53cb87e5951c642eb9a679455bc4a212aaab5eb93b903531a902935b2,cell,mack_lognormal,1218599.3766800151,1223202.8823257543,1231946.6197296777,1240752.859392951,1243260.7385001162,1245440.0543008819,1249710.4388326525,True,True,False,0.014570221141540329,0.022283482595301659,0.014570221141540329,0.022283482595301659
usaa_paid,2008,2005,4,5,1324732,1338767.8429450386,1270740,269647087.56658429,70155044.817844585,4b1cf4e53cb87e5951c642eb9a679455bc4a212aaab5eb93b903531a902935b2,cell,mack_normal,1302638.4103624634,1315144.0767668539,1338767.8429450386,1362391.6091232232,1369088.6185776037,1374897.2755276137,1386249.9660354946,True,True,False,0.037181116795229008,0.056863611096802068,0.037181116795229008,0.056863611096802068
usaa_paid,2008,2005,4,5,1324732,1338767.8429450386,1270740,269647087.56658429,70155044.817844585,4b1cf4e53cb87e5951c642eb9a679455bc4a212aaab5eb93b903531a902935b2,cell,mack_lognormal,1302999.7228167406,1315227.7163722771,1338640.952452234,1362470.9829906041,1369303.3151303525,1375257.0842520837,1386968.2316442356,True,True,False,0.037177759902361621,0.056862427747094643,0.037177759902361621,0.056862427747094643
usaa_paid,2008,2006,3,6,1320130,1349204.6726607652,1214955,539093351.84365273,118172906.82523362,4b1cf4e53cb87e5951c642eb9a679455bc4a212aaab5eb93b903531a902935b2,cell,mack_normal,1298956.6750199813,1316349.2729952761,1349204.6726607652,1382060.0723262543,1391374.1215988221,1399452.6703015491,1415241.7354786112,True,True,False,0.054084965559200289,0.082715816866935646,0.054084965559200289,0.082715816866935646
usaa_paid,2008,2006,3,6,1320130,1349204.6726607652,1214955,539093351.84365273,118172906.82523362,4b1cf4e53cb87e5951c642eb9a679455bc4a212aaab5eb93b903531a902935b2,cell,mack_lognormal,1299650.6125010792,1316511.3295596384,1348961.1631553054,1382210.8316454727,1391784.8788251495,1400142.6246392846,1416622.5437337481,True,True,False,0.054075667070660458,0.082712538438218158,0.054075667070660458,0.082712538438218158
usaa_paid,2008,2007,2,7,1185300,1239303.8106069327,986025,1606551596.6087625,294638063.16837466,4b1cf4e53cb87e5951c642eb9a679455bc4a212aaab5eb93b903531a902935b2,cell,mack_normal,1153844.21905418,1183424.7872120545,1239303.8106069327,1295182.834001811,1311023.7606836299,1324763.4021596855,1351616.7520320064,True,True,False,0.11334200125732767,0.17334163241855485,0.11334200125732767,0.17334163241855485
usaa_paid,2008,2007,2,7,1185300,1239303.8106069327,986025,1606551596.6087625,294638063.16837466,4b1cf4e53cb87e5951c642eb9a679455bc4a212aaab5eb93b903531a902935b2,cell,mack_lognormal,1156033.5800840575,1183949.7972721457,1238537.4826032426,1295642.0106219877,1312304.1663375893,1326929.5306297585,1355986.239201515,True,True,False,0.11327523475555082,0.17331807058208562,0.11327523475555082,0.17331807058208562
usaa_paid,2008,2008,1,8,966162,1098308.7227821271,561687,2226342137.8419499,384318968.5186187,4b1cf4e53cb87e5951c642eb9a679455bc4a212aaab5eb93b903531a902935b2,cell,mack_normal,998165.09025927575,1032828.3210751025,1098308.7227821271,1163789.1244891516,1182351.9085093194,1198452.3553049783,1229919.7652558116,False,False,False,0.23315619448918898,0.35658162828355039,1.4200506940076494,2.6356509504701595
usaa_paid,2008,2008,1,8,966162,1098308.7227821271,561687,2226342137.8419499,384318968.5186187,4b1cf4e53cb87e5951c642eb9a679455bc4a212aaab5eb93b903531a902935b2,cell,mack_lognormal,1001561.1662982234,1033657.4615187203,1097122.1569539735,1164483.4697084413,1184321.1314055291,1201800.8163476796,1236712.2118818702,False,False,False,0.23291621167967397,0.35649685687839699,1.434572321198325,2.8774144710103551
usaa_paid,2008,-1,-1,7,8236886,8474262.5982073098,7439994,,,4b1cf4e53cb87e5951c642eb9a679455bc4a212aaab5eb93b903531a902935b2,eligible_diagonal,mack_normal,8328126.1091748234,8378709.0840713223,8474262.5982073098,8569816.1123432964,8596904.2058649361,8620399.0872397963,8666318.5001202039,False,False,False,0.025686449246057733,0.039284034108760427,0.21630902780098982,0.52982265107443749
usaa_paid,2008,-1,-1,7,8236886,8474262.5982073098,7439994,,,4b1cf4e53cb87e5951c642eb9a679455bc4a212aaab5eb93b903531a902935b2,eligible_diagonal,mack_lognormal,8329059.3351548323,8378923.2962630363,8473934.6056201663,8570023.2788087297,8597460.7704196591,8621329.8297978956,8668172.045207046,False,False,False,0.0256855022390735,0.039283700315223817,0.21659600063871781,0.53483966530569205
usaa_incurred,2005,2002,4,2,1124084,1140418.3972430015,1140782,28147067.522991151,16695516.073051771,d9e3390b8c7295115119857fde85124ef8f0d66c82bdd7a4bb3757b1856068b8,cell,mack_normal,1127293.5757852546,1131836.537770407,1140418.3972430015,1149000.256715596,1151433.0946293576,1153543.2187007484,1157667.3364997325,False,False,False,0.015045573076353689,0.023010218355035236,0.083003673488238186,0.13554971442894223
usaa_incurred,2005,2002,4,2,1124084,1140418.3972430015,1140782,28147067.522991151,16695516.073051771,d9e3390b8c7295115119857fde85124ef8f0d66c82bdd7a4bb3757b1856068b8,cell,mack_lognormal,1127349.4889331951,1131849.3076989762,1140398.7371673109,1149012.7447943608,1151466.5121156715,1153599.0325089539,1157778.3319647738,False,False,False,0.015045326009162644,0.023010131274650909,0.083115366551319236,0.1375101473406522
usaa_incurred,2005,2003,3,3,1235943,1259542.0330010529,1274984,147377605.93889636,60582992.873479359,d9e3390b8c7295115119857fde85124ef8f0d66c82bdd7a4bb3757b1856068b8,cell,mack_normal,1231277.7078425668,1241060.984144219,1259542.0330010529,1278023.0818578869,1283262.2024107892,1287806.3581595391,1296687.6527994433,False,True,False,0.028990244358884424,0.044336752709816192,0.069131800207577143,0.044336752709816192
usaa_incurred,2005,2003,3,3,1235943,1259542.0330010529,1274984,147377605.93889636,60582992.873479359,d9e3390b8c7295115119857fde85124ef8f0d66c82bdd7a4bb3757b1856068b8,cell,mack_lognormal,1231512.6683141298,1241115.1612473687,1259459.4870636896,1278074.9515302847,1283402.057489054,1288040.5052805517,1297154.544686876,False,True,False,0.028988434586564259,0.044336114779810511,0.069554914223710046,0.044336114779810511
usaa_incurred,2005,2004,2,4,1408227,1452075.4324217436,1480702,320617450.71051639,106375414.28046596,d9e3390b8c7295115119857fde85124ef8f0d66c82bdd7a4bb3757b1856068b8,cell,mack_normal,1411575.1175144115,1425593.6999083164,1452075.4324217436,1478557.1649351709,1486064.3681335573,1492575.7473290758,1505301.868603297,False,False,False,0.035769158836048399,0.05470420774380285,0.15305609373798254,0.1451509691964504
usaa_incurred,2005,2004,2,4,1408227,1452075.4324217436,1480702,320617450.71051639,106375414.28046596,d9e3390b8c7295115119857fde85124ef8f0d66c82bdd7a4bb3757b1856068b8,cell,mack_lognormal,1411993.7376961298,1425690.6811494154,1451928.426276511,1478649.0386050667,1486313.0331603792,1492992.5669992324,1506134.1272905837,False,False,False,0.03576570941057098,0.054702991758708075,0.15370761230133118,0.15645844818761351
usaa_incurred,2005,2005,1,5,1634241,1703807.2087308208,1777164,270171169.89232022,77448397.864543319,d9e3390b8c7295115119857fde85124ef8f0d66c82bdd7a4bb3757b1856068b8,cell,mack_normal,1667264.5452427075,1679913.2453867183,1703807.2087308208,1727701.1720749233,1734474.7786713957,1740349.8722189341,1751832.4092880124,False,False,False,0.026889992532036989,0.041124694724981287,0.28388510039331655,0.7844110823112137
usaa_incurred,2005,2005,1,5,1634241,1703807.2087308208,1777164,270171169.89232022,77448397.864543319,d9e3390b8c7295115119857fde85124ef8f0d66c82bdd7a4bb3757b1856068b8,cell,mack_lognormal,1667554.8673749988,1679980.1301180525,1703705.2053030322,1727765.3315891777,1734647.6508888474,1740639.2337457698,1752409.2585890549,False,False,False,0.026888459068001174,0.041124154197795519,0.28425992348013462,0.79094504579809244
usaa_incurred,2005,-1,-1,4,5402495,5555843.0713966191,5673632,,,d9e3390b8c7295115119857fde85124ef8f0d66c82bdd7a4bb3757b1856068b8,eligible_diagonal,mack_normal,5493019.7096801288,5514765.0831296891,5555843.0713966191,5596921.0596635491,5608566.0985500505,5618666.4331131093,5638406.9640666982,False,False,False,0.014480314643928257,0.022145730183589715,0.21236076076678059,0.66035920388176994
usaa_incurred,2005,-1,-1,4,5402495,5555843.0713966191,5673632,,,d9e3390b8c7295115119857fde85124ef8f0d66c82bdd7a4bb3757b1856068b8,eligible_diagonal,mack_lognormal,5493282.6621898385,5514825.127874963,5555750.6110845972,5596979.8020523395,5608723.2685918165,5618928.9265996609,5638928.9523417754,False,False,False,0.01448008509846542,0.022145649278949079,0.21246636245124928,0.66221297962281678
usaa_incurred,2006,2002,5,2,1104031,1121600.9612022648,1124084,29114272.426997438,17021866.730413623,1c95eac5e83010e91484d3b3f81f8431adededd6b62c327ce4cebfd0aa02ea29,cell,mack_normal,1108288.1824270049,1112896.2030456057,1121600.9612022648,1130305.7193589238,1132773.3973419152,1134913.7399775246,1139096.9182461007,False,False,False,0.015487736070719059,0.02368644829969976,0.094353755386052091,0.17517628098141788
usaa_incurred,2006,2002,5,2,1104031,1121600.9612022648,1124084,29114272.426997438,17021866.730413623,1c95eac5e83010e91484d3b3f81f8431adededd6b62c327ce4cebfd0aa02ea29,cell,mack_lognormal,1108346.6751547051,1112909.5663578338,1121580.3946764786,1130318.7785863448,1132808.351852691,1134972.125528377,1139213.0383107853,False,False,False,0.015487465552851028,0.023686352953757858,0.094472366661965637,0.1772576218164075
usaa_incurred,2006,2003,4,3,1189132,1228960.2392813654,1235943,105969912.74901567,42745222.350006238,1c95eac5e83010e91484d3b3f81f8431adededd6b62c327ce4cebfd0aa02ea29,cell,mack_normal,1205058.7107215251,1213331.8697876472,1228960.2392813654,1244588.6087750837,1249019.0343671145,1252861.7678412057,1260372.1724340529,False,False,False,0.025289790052968882,0.038677396222706523,0.22109064646501342,0.55412869847613178
usaa_incurred,2006,2003,4,3,1189132,1228960.2392813654,1235943,105969912.74901567,42745222.350006238,1c95eac5e83010e91484d3b3f81f8431adededd6b62c327ce4cebfd0aa02ea29,cell,mack_lognormal,1205230.8788610077,1213371.4651801209,1228899.739295735,1244626.7384546925,1249121.6286531696,1253033.4193464417,1260714.1959781386,False,False,False,0.025288604146446587,0.038676978214556824,0.22140982640443824,0.55970032188033259
usaa_incurred,2006,2004,3,4,1303835,1383577.9388006439,1408227,253826259.98692223,81672179.939186215,1c95eac5e83010e91484d3b3f81f8431adededd6b62c327ce4cebfd0aa02ea29,cell,mack_normal,1347678.030146397,1360104.2502524562,1383577.9388006439,1407051.6273488316,1413706.091880468,1419477.8474548908,1430758.416317448,False,False,False,0.033337932802293559,0.050985968390390109,0.43291307411442698,1.2963258218769929
usaa_incurred,2006,2004,3,4,1303835,1383577.9388006439,1408227,253826259.98692223,81672179.939186215,1c95eac5e83010e91484d3b3f81f8431adededd6b62c327ce4cebfd0aa02ea29,cell,mack_lognormal,1348023.188364607,1360184.0786597338,1383456.7116773555,1407127.537451436,1413911.2695181996,1419821.6244388851,1431444.5029613029,False,False,False,0.033335150364040944,0.050984987558311323,0.43347716340408177,1.3061288916194336
usaa_incurred,2006,2005,2,5,1566779,1590589.4938423319,1634241,663745967.80913484,182503409.01098388,1c95eac5e83010e91484d3b3f81f8431adededd6b62c327ce4cebfd0aa02ea29,cell,mack_normal,1533573.4247644609,1553308.6901314966,1590589.4938423319,1627870.2975531672,1638438.8873806831,1647605.562920203,1665521.3102748736,True,True,False,0.045624609480285086,0.069776818814203098,0.045624609480285086,0.069776818814203098
usaa_incurred,2006,2005,2,5,1566779,1590589.4938423319,1634241,663745967.80913484,182503409.01098388,1c95eac5e83010e91484d3b3f81f8431adededd6b62c327ce4cebfd0aa02ea29,cell,mack_lognormal,1534331.2304750055,1553485.4513979785,1590323.5430287276,1628035.1832297412,1638887.6861097259,1648359.1816927725,1667029.0093147273,True,True,False,0.045617342749180022,0.069774256806534096,0.045617342749180022,0.069774256806534096
usaa_incurred,2006,2006,1,6,1674298,1797907.8556377275,1892532,1031250258.0758207,244674110.17423138,1c95eac5e83010e91484d3b3f81f8431adededd6b62c327ce4cebfd0aa02ea29,cell,mack_normal,1727897.7783705746,1752130.7266530469,1797907.8556377275,1843684.9846224082,1856662.1646068555,1867917.9329048805,1889916.6935505194,False,False,False,0.048376597050597436,0.073985620604727381,0.4596390045187243,1.206854779394636
usaa_incurred,2006,2006,1,6,1674298,1797907.8556377275,1892532,1031250258.0758207,244674110.17423138,1c95eac5e83010e91484d3b3f81f8431adededd6b62c327ce4cebfd0aa02ea29,cell,mack_lognormal,1728908.8027075166,1752367.1742408611,1797553.1247868158,1843904.2250552459,1857260.2293681072,1868922.8901898738,1891928.7635841717,False,False,False,0.048367504916368563,0.073982414819066297,0.46087928406124479,1.2282202867814234
usaa_incurred,2006,-1,-1,5,6838075,7122636.4887643335,7295027,,,1c95eac5e83010e91484d3b3f81f8431adededd6b62c327ce4cebfd0aa02ea29,eligible_diagonal,mack_normal,7021693.140099627,7056633.1807785872,7122636.4887643335,7188639.7967500798,7207350.8174343742,7223579.8374290392,7255298.5364039084,False,False,False,0.018095425276903377,0.027674564786314321,0.31769429006326705,1.0344872337435476
usaa_incurred,2006,-1,-1,5,6838075,7122636.4887643335,7295027,,,1c95eac5e83010e91484d3b3f81f8431adededd6b62c327ce4cebfd0aa02ea29,eligible_diagonal,mack_lognormal,7022222.7915947651,7056754.4303619862,7122450.2923009554,7188757.7592374487,7207667.0582820419,7224108.3303449582,7256350.2216771832,False,False,False,0.018094974682816463,0.027674405968640427,0.31786004801563095,1.0373912533210363
usaa_incurred,2007,2002,6,2,1092985,1096643.9022102377,1104031,41648819.034534469,23968829.77845294,709959f25c51ce26f9cce5b3d153a66848fc894cd01795ef205eabfc21a18dcb,cell,mack_normal,1080767.2685674953,1086262.7294637347,1096643.9022102377,1107025.0749567407,1109967.993181824,1112520.5358529801,1117509.335708641,True,True,False,0.018805944301388326,0.028761209862299901,0.018805944301388326,0.028761209862299901
usaa_incurred,2007,2002,6,2,1092985,1096643.9022102377,1104031,41648819.034534469,23968829.77845294,709959f25c51ce26f9cce5b3d153a66848fc894cd01795ef205eabfc21a18dcb,cell,mack_lognormal,1080852.3699021351,1086282.2163570782,1096613.9859522646,1107044.022334259,1110018.7991320756,1112605.4470278847,1117678.3190673413,True,True,False,0.018805455623239594,0.028761037620999366,0.018805455623239594,0.028761037620999366
usaa_incurred,2007,2003,5,3,1157715,1179647.7386857087,1189132,118439937.99151134,46226967.981890656,709959f25c51ce26f9cce5b3d153a66848fc894cd01795ef205eabfc21a18dcb,cell,mack_normal,1154496.9705378383,1163202.5353305477,1179647.7386857087,1196092.9420408697,1200754.9286825436,1204798.5068335792,1212701.4509544328,False,True,False,0.027659172161141079,0.042301053453898195,0.073806574893114638,0.042301053453898195
usaa_incurred,2007,2003,5,3,1157715,1179647.7386857087,1189132,118439937.99151134,46226967.981890656,709959f25c51ce26f9cce5b3d153a66848fc894cd01795ef205eabfc21a18dcb,cell,mack_lognormal,1154695.601301074,1163248.2910530546,1179577.9499309775,1196136.8442705988,1200873.2089390857,1204996.4842644057,1213096.1114974946,False,True,False,0.027657613467255291,0.042300504034313811,0.074189798733942436,0.042300504034313811
usaa_incurred,2007,2004,4,4,1262138,1284391.9826738569,1303835,472004830.78257167,143120896.14997721,709959f25c51ce26f9cce5b3d153a66848fc894cd01795ef205eabfc21a18dcb,cell,mack_normal,1235781.4884410175,1252607.28893592,1284391.9826738569,1316176.6764117938,1325187.1954315817,1333002.4769066963,1348277.0012214433,True,True,False,0.048755699514028854,0.074565407789849852,0.048755699514028854,0.074565407789849852
usaa_incurred,2007,2004,4,4,1262138,1284391.9826738569,1303835,472004830.78257167,143120896.14997721,709959f25c51ce26f9cce5b3d153a66848fc894cd01795ef205eabfc21a18dcb,cell,mack_lognormal,1236463.7329222029,1252766.6968091037,1284152.5877839974,1316324.7976758906,1325590.9391877919,1333680.7419454602,1349634.6187151778,True,True,False,0.048747043043626613,0.074562355684007028,0.048747043043626613,0.074562355684007028
usaa_incurred,2007,2005,3,5,1391535,1517756.8342825146,1566779,1549955860.9917464,419795760.573735,709959f25c51ce26f9cce5b3d153a66848fc894cd01795ef205eabfc21a18dcb,cell,mack_normal,1430769.9402050774,1460879.1614445811,1517756.8342825146,1574634.5071204482,1590758.5370429319,1604743.7283599519,1632076.9914674172,False,False,False,0.072604589208731446,0.11103913707987818,0.5151951616160787,1.1127104692863325
usaa_incurred,2007,2005,3,5,1391535,1517756.8342825146,1566779,1549955860.9917464,419795760.573735,709959f25c51ce26f9cce5b3d153a66848fc894cd01795ef205eabfc21a18dcb,cell,mack_lognormal,1432620.9033116293,1461318.7798286891,1517108.3478931924,1575027.8248781771,1591845.8599957286,1606578.3585363161,1635767.0095231051,False,False,False,0.072575037736329173,0.11102871255275107,0.51797148374874735,1.159955288965361
usaa_incurred,2007,2006,2,6,1462731,1624315.6772849555,1674298,635126469.02474844,140329664.92348817,709959f25c51ce26f9cce5b3d153a66848fc894cd01795ef205eabfc21a18dcb,cell,mack_normal,1569736.5346953471,1588628.2941577553,1624315.6772849555,1660003.0604121557,1670119.9376451205,1678894.819874564,1696044.8294294931,False,False,False,0.042629667033228472,0.065196449604082954,0.7945704455431194,2.6216239122265566
usaa_incurred,2007,2006,2,6,1462731,1624315.6772849555,1674298,635126469.02474844,140329664.92348817,709959f25c51ce26f9cce5b3d153a66848fc894cd01795ef205eabfc21a18dcb,cell,mack_lognormal,1570416.4280331542,1588786.5782532012,1624077.0274799569,1660151.3553117269,1670522.9348466648,1679571.1915033837,1697397.2363184774,False,False,False,0.042623700833737906,0.06519434620971265,0.79550985522919926,2.6378648751873315
usaa_incurred,2007,2007,1,7,1548129,1478981.5740611737,1577620,2432124636.7329769,388783732.17035812,709959f25c51ce26f9cce5b3d153a66848fc894cd01795ef205eabfc21a18dcb,cell,mack_normal,1374883.5273163207,1410915.5198743118,1478981.5740611737,1547047.6282480357,1566343.4088180594,1583079.6208060267,1615789.5977609153,False,True,False,0.086289542712265258,0.13196846736838153,0.09314399278239828,0.13196846736838153
usaa_incurred,2007,2007,1,7,1548129,1478981.5740611737,1577620,2432124636.7329769,388783732.17035812,709959f25c51ce26f9cce5b3d153a66848fc894cd01795ef205eabfc21a18dcb,cell,mack_lognormal,1377605.7837917123,1411569.0815440391,1478028.829648491,1547617.6475064936,1567934.598397915,1585772.3936519017,1621223.3724812588,False,True,False,0.08623658800120089,0.1319497786920738,0.089477878638403702,0.1319497786920738
usaa_incurred,2007,-1,-1,6,7915233,8181737.7091984469,8415695,,,709959f25c51ce26f9cce5b3d153a66848fc894cd01795ef205eabfc21a18dcb,eligible_diagonal,mack_normal,8024799.4580709273,8079121.3024620228,8181737.7091984469,8284354.1159348711,8313444.441368375,8338675.9603259666,8387989.532849608,False,False,False,0.024386912010576474,0.037296563415741578,0.2191281692234659,0.5580685641639973
usaa_incurred,2007,-1,-1,6,7915233,8181737.7091984469,8415695,,,709959f25c51ce26f9cce5b3d153a66848fc894cd01795ef205eabfc21a18dcb,eligible_diagonal,mack_lognormal,8025914.3766336665,8079377.6528711841,8181345.9179858966,8284601.1048831074,8314108.8832082795,8339787.5791716333,8390204.3395190928,False,False,False,0.024385799629373844,0.037296171324883672,0.21943166675167813,0.56336740671859242
usaa_incurred,2008,2002,7,2,1086891,1086720.9513711229,1092985,2155117.0805849754,1236128.3942595043,aa868eb0be6c3a7f8c65198401b6a96388d4d401edaf9420bdbd80edda43d307,cell,mack_normal,1083111.612118229,1084360.9312857471,1086720.9513711229,1089080.9714564986,1089750.0043577338,1090330.2906240167,1091464.4272142441,True,True,False,0.0043184857713065702,0.0066045540476654535,0.0043184857713065702,0.0066045540476654535
usaa_incurred,2008,2002,7,2,1086891,1086720.9513711229,1092985,2155117.0805849754,1236128.3942595043,aa868eb0be6c3a7f8c65198401b6a96388d4d401edaf9420bdbd80edda43d307,cell,mack_lognormal,1083116.0468071427,1084361.9368143638,1086719.391063408,1089081.9705297321,1089752.6629286255,1090334.7230377647,1091473.2242425722,True,True,False,0.0043184798651109109,0.0066045519660580792,0.0043184798651109109,0.0066045519660580792
usaa_incurred,2008,2003,6,3,1151469,1148567.1875403237,1157715,26292275.716972038,10071049.635581756,aa868eb0be6c3a7f8c65198401b6a96388d4d401edaf9420bdbd80edda43d307,cell,mack_normal,1136748.2105572959,1140839.1738751701,1148567.1875403237,1156295.2012054774,1158485.9856971945,1160386.1645233515,1164099.9562498452,True,True,False,0.013350459595243466,0.020417766001179505,0.013350459595243466,0.020417766001179505
usaa_incurred,2008,2003,6,3,1151469,1148567.1875403237,1157715,26292275.716972038,10071049.635581756,aa868eb0be6c3a7f8c65198401b6a96388d4d401edaf9420bdbd80edda43d307,cell,mack_lognormal,1136793.2254098842,1140849.4437366535,1148551.3580033088,1156305.2681610051,1158512.9018629258,1160431.1078609764,1164189.3072705544,True,True,False,0.013350284331075926,0.020417704228667784,0.013350284331075926,0.020417704228667784
usaa_incurred,2008,2004,5,4,1253181,1245536.2609065373,1262138,206222220.61282021,61447089.791060708,aa868eb0be6c3a7f8c65198401b6a96388d4d401edaf9420bdbd80edda43d307,cell,mack_normal,1213470.0694663287,1224569.3053066386,1245536.2609065373,1266503.216506436,1272447.0570788071,1277602.4523467459,1287678.3799538326,True,True,False,0.033224505719499302,0.050812496636989904,0.033224505719499302,0.050812496636989904
usaa_incurred,2008,2004,5,4,1253181,1245536.2609065373,1262138,206222220.61282021,61447089.791060708,aa868eb0be6c3a7f8c65198401b6a96388d4d401edaf9420bdbd80edda43d307,cell,mack_lognormal,1213775.9610616514,1224640.0397460808,1245428.8233768749,1266570.5054193016,1272628.9066758454,1277907.1293694226,1288286.4032868103,True,True,False,0.033221775806782469,0.050811534323323762,0.033221775806782469,0.050811534323323762
usaa_incurred,2008,2005,4,5,1378086,1365258.0891325562,1391535,479208376.98671967,118996737.91107783,aa868eb0be6c3a7f8c65198401b6a96388d4d401edaf9420bdbd80edda43d307,cell,mack_normal,1317320.8351935947,1333913.6035614084,1365258.0891325562,1396602.5747037041,1405488.3008249912,1413195.3430715178,1428258.3199539501,True,True,False,0.045050229525161599,0.068898380477618662,0.045050229525161599,0.068898380477618662
usaa_incurred,2008,2005,4,5,1378086,1365258.0891325562,1391535,479208376.98671967,118996737.91107783,aa868eb0be6c3a7f8c65198401b6a96388d4d401edaf9420bdbd80edda43d307,cell,mack_lognormal,1317944.9037020337,1334059.0789645694,1365039.0605224085,1396738.4699320253,1405857.9980330199,1413816.0339767653,1429499.8566096874,True,True,False,0.045043344915834616,0.068895953227717355,0.045043344915834616,0.068895953227717355
usaa_incurred,2008,2006,3,6,1438025,1391850.2301714949,1462731,3498416004.4293594,696072949.21518469,aa868eb0be6c3a7f8c65198401b6a96388d4d401edaf9420bdbd80edda43d307,cell,mack_normal,1264913.4089205989,1308850.7040156526,1391850.2301714949,1474849.7563273371,1498378.9686968736,1518787.0514223909,1558673.4914438883,True,True,False,0.11348570059134896,0.17356140158497491,0.11348570059134896,0.17356140158497491
usaa_incurred,2008,2006,3,6,1438025,1391850.2301714949,1462731,3498416004.4293594,696072949.21518469,aa868eb0be6c3a7f8c65198401b6a96388d4d401edaf9420bdbd80edda43d307,cell,mack_lognormal,1269219.0546582399,1309901.929750555,1390345.8693713092,1475730.0470928957,1500875.5882785844,1523032.3161184916,1567285.173397131,True,True,False,0.11336884043774334,0.17352012192279487,0.11336884043774334,0.17352012192279487
usaa_incurred,2008,2007,2,7,1417382,1474875.645491123,1548129,3784927110.1257548,633321396.0923779,aa868eb0be6c3a7f8c65198401b6a96388d4d401edaf9420bdbd80edda43d307,cell,mack_normal,1344597.022163156,1389691.0324064435,1474875.645491123,1560060.2585758024,1584208.9127274281,1605154.26881909,1646090.7791574369,True,True,False,0.11004846893854384,0.16830460940653785,0.11004846893854384,0.16830460940653785
usaa_incurred,2008,2007,2,7,1417382,1474875.645491123,1548129,3784927110.1257548,633321396.0923779,aa868eb0be6c3a7f8c65198401b6a96388d4d401edaf9420bdbd80edda43d307,cell,mack_lognormal,1348876.4762354135,1390733.4722075206,1473380.0857336081,1560938.1095793801,1586693.0968939238,1609375.5916739001,1654647.6739936389,True,True,False,0.10994215428550173,0.16826706006959799,0.10994215428550173,0.16826706006959799
usaa_incurred,2008,2008,1,8,1418105,1574735.8866977338,1669006,2828462608.5112062,412406063.25856858,aa868eb0be6c3a7f8c65198401b6a96388d4d401edaf9420bdbd80edda43d307,cell,mack_normal,1463157.8263727699,1501778.9145197764,1574735.8866977338,1647692.8588756912,1668375.1467358696,1686313.9470226977,1721374.3145898841,False,False,False,0.087425655962839466,0.13370600264464463,0.5887654625290013,1.2134582952731887
usaa_incurred,2008,2008,1,8,1418105,1574735.8866977338,1669006,2828462608.5112062,412406063.25856858,aa868eb0be6c3a7f8c65198401b6a96388d4d401edaf9420bdbd80edda43d307,cell,mack_lognormal,1466095.2553132628,1502484.4060765898,1573707.8744736349,1648307.6058322049,1670091.7978826335,1689219.3499740618,1727237.850356787,False,False,False,0.087371285517017366,0.13368681398437096,0.59293810838398031,1.2838385884720076
usaa_incurred,2008,-1,-1,7,9143139,9287544.2513108924,9584239,,,aa868eb0be6c3a7f8c65198401b6a96388d4d401edaf9420bdbd80edda43d307,eligible_diagonal,mack_normal,9066153.0222008619,9142784.3075048923,9287544.2513108924,9432304.1951168925,9473341.6277164258,9508935.4804209229,9578501.646440858,True,True,False,0.030207916101841797,0.046199020936358214,0.030207916101841797,0.046199020936358214
usaa_incurred,2008,-1,-1,7,9143139,9287544.2513108924,9584239,,,aa868eb0be6c3a7f8c65198401b6a96388d4d401edaf9420bdbd80edda43d307,eligible_diagonal,mack_lognormal,9068108.2266778909,9143235.6841479912,9286857.4271375388,9432735.1772750933,9474504.8105084412,9510883.4958816823,9582387.3450066708,False,True,False,0.030205788182776121,0.046198270849025301,0.030306666455940261,0.046198270849025301
